start_seconds,sensor,frames,mean_alignment_error_deg,p95_alignment_error_deg
2.5,Pelvis,2400,0.7577972486779594,1.7609226260938509
2.5,LeftForeArm,2400,0.6089249246382121,1.5745046675004553
2.5,RightForeArm,2400,0.5496546460165134,1.1595874123556404
2.5,LeftLowerLeg,2400,1.0724173111732878,2.2378438299709345
2.5,RightLowerLeg,2400,1.556239561093188,5.233712905981793
12.5,Pelvis,2400,0.718409251814003,1.3644474113240048
12.5,LeftForeArm,2400,0.4820856127196334,1.6915926788245585
12.5,RightForeArm,2400,0.5642012127266489,1.2719384481510012
12.5,LeftLowerLeg,2400,1.4209804732839402,3.0433292707213138
12.5,RightLowerLeg,2400,0.712493959148362,1.452232034774675
22.5,Pelvis,2400,1.2431400363611538,1.899977454874687
22.5,LeftForeArm,2400,0.19567462789006015,0.3022459975161141
22.5,RightForeArm,2400,0.48891315089561904,1.643311426348568
22.5,LeftLowerLeg,2400,0.8416488468011646,1.367340693546272
22.5,RightLowerLeg,2400,0.5431581477502104,1.0940071336260604
32.5,Pelvis,2400,1.15183009111831,2.077099353420428
32.5,LeftForeArm,2400,0.2801845642959595,0.5473195477873907
32.5,RightForeArm,2400,0.7463745961856134,1.8270095008138962
32.5,LeftLowerLeg,2400,0.9470284736266066,1.7399536108438096
32.5,RightLowerLeg,2400,1.2341290282078548,4.198528598478976
42.5,Pelvis,2400,0.9002329596011184,1.787818115502165
42.5,LeftForeArm,2400,0.7674406798712838,2.0552203699577873
42.5,RightForeArm,2400,0.7638889108628971,2.482067372593961
42.5,LeftLowerLeg,2400,1.3749368476455814,3.1127992785595953
42.5,RightLowerLeg,2400,1.5670885174281937,4.264090799904208
52.5,Pelvis,2400,0.700168215856809,1.2823734878362893
52.5,LeftForeArm,2400,0.5099004373135861,1.199651529709768
52.5,RightForeArm,2400,1.1041915276282595,2.400552219312037
52.5,LeftLowerLeg,2400,1.1587057860691297,2.373295911326418
52.5,RightLowerLeg,2400,1.1536882456126727,2.250607666768543
62.5,Pelvis,2400,0.8742016937749671,1.7611473006682012
62.5,LeftForeArm,2400,0.5664375985088539,1.007607353384953
62.5,RightForeArm,2400,1.2546668855396776,3.513287282744385
62.5,LeftLowerLeg,2400,1.1612094781814608,3.112385380354002
62.5,RightLowerLeg,2400,0.9701251430017344,2.548616601416245
72.5,Pelvis,2400,0.872514087147457,1.7552283906836486
72.5,LeftForeArm,2400,0.9686590187093166,2.150606013289402
72.5,RightForeArm,2400,0.9461657847602383,1.9145738806385553
72.5,LeftLowerLeg,2400,1.4877772375265128,3.0562429756254383
72.5,RightLowerLeg,2400,1.4811666089465305,4.771449516481409
82.5,Pelvis,2400,1.2755603833667442,2.6028428309292435
82.5,LeftForeArm,2400,0.5956593902515792,1.255792239787503
82.5,RightForeArm,2400,0.44933386414966414,1.1825963024862765
82.5,LeftLowerLeg,2400,2.1743462534155644,4.4094006362502975
82.5,RightLowerLeg,2400,2.0934228386661196,4.491760985627918
92.5,Pelvis,2400,1.1630686922734703,2.2843374909360157
92.5,LeftForeArm,2400,0.6596490530888545,1.433917397922227
92.5,RightForeArm,2400,0.9409225199752782,2.770819347799553
92.5,LeftLowerLeg,2400,2.125525627683209,4.314186670259307
92.5,RightLowerLeg,2400,2.1577442508723097,4.3013386021651705
102.5,Pelvis,2400,1.7210391418018631,5.607667301533364
102.5,LeftForeArm,2400,0.8902701549902394,2.057352701642617
102.5,RightForeArm,2400,0.4677823312825664,0.8307926012895576
102.5,LeftLowerLeg,2400,2.5614506188888195,7.515639837116529
102.5,RightLowerLeg,2400,2.6637360378377006,7.258289091606059
112.5,Pelvis,2400,1.6563545598620237,3.7805063950277225
112.5,LeftForeArm,2400,0.6827921999211601,1.5795565413959587
112.5,RightForeArm,2400,0.37760458699375216,0.7102088390744029
112.5,LeftLowerLeg,2400,2.6740402424457606,5.765435678361421
112.5,RightLowerLeg,2400,2.2867159253216625,5.536542540492783
122.5,Pelvis,2400,1.3942067490450325,2.590438383210845
122.5,LeftForeArm,2400,1.020053930276304,1.9419283147863071
122.5,RightForeArm,2400,0.669802758923532,1.4081299720727323
122.5,LeftLowerLeg,2400,1.8873535770088092,3.510433205661762
122.5,RightLowerLeg,2400,2.0692107872865133,4.6937264749330385
132.5,Pelvis,2400,1.1533571002848384,1.9245323262456158
132.5,LeftForeArm,2400,0.599620165250833,1.4306054567968833
132.5,RightForeArm,2400,0.996041935383692,2.114162170702234
132.5,LeftLowerLeg,2400,1.7566154702480572,3.9257472807610596
132.5,RightLowerLeg,2400,2.3013996303096294,4.690192981030429
142.5,Pelvis,2400,2.219221181135471,6.8056025328560885
142.5,LeftForeArm,2400,0.8523230595527583,1.9899455019344054
142.5,RightForeArm,2400,0.5402153754150373,1.2530806225665503
142.5,LeftLowerLeg,2400,3.4333163805643943,11.539118856499181
142.5,RightLowerLeg,2400,4.2795479138442,11.444705131735047
152.5,Pelvis,2400,1.4018831468443869,2.351124913382243
152.5,LeftForeArm,2400,0.5251663325589491,0.9751587544749846
152.5,RightForeArm,2400,0.5502250842246131,1.1432173156788545
152.5,LeftLowerLeg,2400,2.235975786462707,4.158278976955247
152.5,RightLowerLeg,2400,2.3235807153908272,4.904260961666369
162.5,Pelvis,2400,1.3222480349716432,2.600819055061481
162.5,LeftForeArm,2400,0.6469135732782035,1.7035599215978199
162.5,RightForeArm,2400,0.6227668031143105,1.3023777439384197
162.5,LeftLowerLeg,2400,2.1454163715714167,3.9739227920814932
162.5,RightLowerLeg,2400,2.1586103799637573,5.257228211936457
172.5,Pelvis,2400,1.4425245845885883,2.6416889537954353
172.5,LeftForeArm,2400,0.7204407178555058,1.5424374815424764
172.5,RightForeArm,2400,0.33741690778831684,0.678085287229712
172.5,LeftLowerLeg,2400,2.3342902681498248,4.0945007463901275
172.5,RightLowerLeg,2400,2.3743774209236683,4.83119027665642
182.5,Pelvis,2400,1.522763967014757,2.686899919680038
182.5,LeftForeArm,2400,0.6267429373284409,1.1469350719295992
182.5,RightForeArm,2400,0.3160493790456137,0.6336346101441828
182.5,LeftLowerLeg,2400,2.369328847721289,4.234699135614739
182.5,RightLowerLeg,2400,2.4818324565713796,4.914198145123298
192.5,Pelvis,2400,1.6487164136953052,2.884503308352561
192.5,LeftForeArm,2400,0.5490318228734457,1.2132034038141002
192.5,RightForeArm,2400,0.7286569747600536,1.5769637014346152
192.5,LeftLowerLeg,2400,2.3963669081419563,4.002757510203018
192.5,RightLowerLeg,2400,2.427228862491018,4.978576269265377
202.5,Pelvis,2400,1.2642967846567068,2.3638395200255333
202.5,LeftForeArm,2400,0.7545517924729901,1.4027472495565425
202.5,RightForeArm,2400,1.013994662913192,2.4093055464743216
202.5,LeftLowerLeg,2400,1.975509978338382,3.881000424316418
202.5,RightLowerLeg,2400,2.4000762067347288,5.132889090933309
212.5,Pelvis,2400,1.7272203372314463,6.140642827045027
212.5,LeftForeArm,2400,0.8434410701176582,1.7101463945169662
212.5,RightForeArm,2400,0.5785885294210211,1.3654421064501234
212.5,LeftLowerLeg,2400,2.874827428723067,8.700683598179824
212.5,RightLowerLeg,2400,3.106064891514526,7.531401583218865
222.5,Pelvis,2400,3.0648522987741287,7.596873803678947
222.5,LeftForeArm,2400,0.8340941459676068,2.123872159935441
222.5,RightForeArm,2400,1.1078287329558176,3.731140717572905
222.5,LeftLowerLeg,2400,4.907699411113572,13.044120588360412
222.5,RightLowerLeg,2400,5.563320409165685,10.40548917082368
232.5,Pelvis,2400,1.3847544459971057,2.7074215561718944
232.5,LeftForeArm,2400,0.6597365489866072,1.3637129022918248
232.5,RightForeArm,2400,0.816284073350637,2.1844415605877834
232.5,LeftLowerLeg,2400,2.038479603859071,4.2193895690505245
232.5,RightLowerLeg,2400,2.112655027975271,4.904184825578539
242.5,Pelvis,2400,1.349454737389624,2.3739975514719696
242.5,LeftForeArm,2400,0.6526108641854336,1.3795447458702568
242.5,RightForeArm,2400,0.5041999432583226,1.0933951553378072
242.5,LeftLowerLeg,2400,2.299092841209747,4.309009037057669
242.5,RightLowerLeg,2400,2.470848139346574,4.943357469081073
252.5,Pelvis,2400,2.538004654661707,6.447914365776446
252.5,LeftForeArm,2400,0.48090368398298416,1.3766832789682526
252.5,RightForeArm,2400,0.5354281997232009,1.4717474583738424
252.5,LeftLowerLeg,2400,4.1601651817671454,10.08881559934085
252.5,RightLowerLeg,2400,3.9432958172004016,7.785462826674283
262.5,Pelvis,2400,1.404611405359588,2.71015901640271
262.5,LeftForeArm,2400,0.6018327231236975,1.321593385596522
262.5,RightForeArm,2400,0.42885106817283136,0.9613489410788417
262.5,LeftLowerLeg,2400,3.949930463930582,9.523394823928097
262.5,RightLowerLeg,2400,2.3204236193116747,4.414262140493779
272.5,Pelvis,2400,1.2257078423473005,2.6091250219996773
272.5,LeftForeArm,2400,0.39640700348590047,0.9067141212690105
272.5,RightForeArm,2400,0.3951907452993772,0.8314976920167325
272.5,LeftLowerLeg,2400,3.4347235599072548,8.15392840139102
272.5,RightLowerLeg,2400,2.221639039180871,4.845517176745753
282.5,Pelvis,2400,1.7836333628709569,3.7799926606912915
282.5,LeftForeArm,2400,1.1290465476516551,2.2552493288823836
282.5,RightForeArm,2400,1.3429585794399175,2.7263592192170814
282.5,LeftLowerLeg,2400,2.22173289695364,3.6293346783561224
282.5,RightLowerLeg,2400,3.0001209343934505,7.956376787800016
292.5,Pelvis,2400,1.4271968211736101,3.351985558477194
292.5,LeftForeArm,2400,0.7726897323180091,1.7006379233797262
292.5,RightForeArm,2400,1.0796246201200215,2.5256250252369066
292.5,LeftLowerLeg,2400,3.3264948249757222,8.272021465817911
292.5,RightLowerLeg,2400,2.9507959261177077,5.379402388309076
302.5,Pelvis,2400,0.9625516094479243,1.3575727639819892
302.5,LeftForeArm,2400,0.30316782624218175,0.7143727324326555
302.5,RightForeArm,2400,0.49799381072785937,1.362132933217581
302.5,LeftLowerLeg,2400,2.904429294316361,4.4153977383045815
302.5,RightLowerLeg,2400,1.57070008361009,3.1257402535160845
312.5,Pelvis,2400,1.3195724813615888,2.994865525279142
312.5,LeftForeArm,2400,0.2893306365232119,0.7486989774110303
312.5,RightForeArm,2400,0.42602674181368105,1.0806851650809228
312.5,LeftLowerLeg,2400,3.319179179370877,5.4215456875612
312.5,RightLowerLeg,2400,1.8550346253093417,3.031237495522214
322.5,Pelvis,2400,2.138591674262265,3.6926066564297173
322.5,LeftForeArm,2400,0.4654532600822571,1.4683354508649744
322.5,RightForeArm,2400,0.5539869173559879,1.4711451141523357
322.5,LeftLowerLeg,2400,4.018810909852414,7.423084042255507
322.5,RightLowerLeg,2400,3.048206128697122,6.07378756384614
332.5,Pelvis,2400,0.6794519727914441,1.4535219403805697
332.5,LeftForeArm,2400,0.29556925202108214,0.5594206695374472
332.5,RightForeArm,2400,0.3114300838232417,0.588473103559965
332.5,LeftLowerLeg,2400,2.6317054111463047,3.049680561793579
332.5,RightLowerLeg,2400,2.771035340372352,3.1628997887208783
342.5,Pelvis,2400,1.4403365146852234,3.948861109825156
342.5,LeftForeArm,2400,0.6893323764702907,1.4861254271531579
342.5,RightForeArm,2400,0.5005116551188519,1.1071981407734353
342.5,LeftLowerLeg,2400,3.4931617403341573,6.354414506187735
342.5,RightLowerLeg,2400,2.3076265804346967,3.4723445085813935
352.5,Pelvis,2400,1.3938214547641496,3.614240894901001
352.5,LeftForeArm,2400,0.6032566175694819,1.537723253617426
352.5,RightForeArm,2400,0.5772843385607868,1.430805851529437
352.5,LeftLowerLeg,2400,4.560349424686377,5.910226422913669
352.5,RightLowerLeg,2400,2.41501161493654,5.19550015351935
362.5,Pelvis,2400,2.323131323774833,3.5257717343929653
362.5,LeftForeArm,2400,0.5738106544297022,1.8013620788484699
362.5,RightForeArm,2400,0.3120535489018019,0.5374401392774867
362.5,LeftLowerLeg,2400,4.870788206224238,5.3499636381458915
362.5,RightLowerLeg,2400,1.8552688148325966,2.3862023349421038
372.5,Pelvis,2400,2.122997966841848,3.448605411705556
372.5,LeftForeArm,2400,0.897255427080575,2.1566513640733396
372.5,RightForeArm,2400,0.43830223978865984,1.4794901310731055
372.5,LeftLowerLeg,2400,4.534065064989592,4.960145817838584
372.5,RightLowerLeg,2400,1.7329312683321034,2.164677554904461
382.5,Pelvis,2400,2.08583576887733,3.4133675290275813
382.5,LeftForeArm,2400,0.766007519962251,1.919655529152987
382.5,RightForeArm,2400,0.2686446130942366,0.3955575321876394
382.5,LeftLowerLeg,2400,4.421264610247017,5.106283272024391
382.5,RightLowerLeg,2400,1.6589857394552567,2.4663010363763456
392.5,Pelvis,2400,2.978477148143113,4.027865677866382
392.5,LeftForeArm,2400,0.5134207819902211,1.2167160562336694
392.5,RightForeArm,2400,0.2846563861994332,0.5919189328792263
392.5,LeftLowerLeg,2400,4.591694949574093,4.9603534967408915
392.5,RightLowerLeg,2400,1.6032894798391575,2.0129440669658916
402.5,Pelvis,2400,1.9272503175124591,3.7637094858409896
402.5,LeftForeArm,2400,0.687932416879271,1.5008872430505036
402.5,RightForeArm,2400,0.5598215910852651,1.1966558273571475
402.5,LeftLowerLeg,2400,5.29479708193835,6.6830226337360745
402.5,RightLowerLeg,2400,1.840033623973509,2.876253030631203
412.5,Pelvis,2400,2.7772683929897526,3.88756203469277
412.5,LeftForeArm,2400,0.8606686985242987,2.0108353915563666
412.5,RightForeArm,2400,0.3473185769396694,0.7232295881807543
412.5,LeftLowerLeg,2400,4.147380274194375,5.318727485937275
412.5,RightLowerLeg,2400,1.6392886821850972,2.3922210545856544
422.5,Pelvis,2400,3.043621620388451,4.041820107570209
422.5,LeftForeArm,2400,1.0457497392894204,2.0083514042502584
422.5,RightForeArm,2400,0.2502595882898884,0.39712439928428633
422.5,LeftLowerLeg,2400,3.892446420309713,4.301914392639997
422.5,RightLowerLeg,2400,1.1573710378734847,1.3864909324605845
432.5,Pelvis,2400,1.9314408720156104,3.0899520132879665
432.5,LeftForeArm,2400,0.5720826567563427,1.2889876415868364
432.5,RightForeArm,2400,0.8518408651922891,2.461336623513994
432.5,LeftLowerLeg,2400,3.362944170424165,4.3232795720427815
432.5,RightLowerLeg,2400,1.4019939339468117,2.1009413803479333
442.5,Pelvis,2400,1.7911475349819888,3.3719090716777105
442.5,LeftForeArm,2400,0.4649592962797596,0.9311384677398212
442.5,RightForeArm,2400,0.6817255481928165,2.0911692169208234
442.5,LeftLowerLeg,2400,5.180913145203152,7.846997084285332
442.5,RightLowerLeg,2400,3.7469941923587293,8.181266917795947
452.5,Pelvis,2400,1.7671951647793684,2.2372629978497094
452.5,LeftForeArm,2400,0.34043207669175,0.8489758674074936
452.5,RightForeArm,2400,0.39231113673237206,0.799345435467699
452.5,LeftLowerLeg,2400,5.3525337393302115,6.463113193565978
452.5,RightLowerLeg,2400,3.5927123125275586,4.034942517456683
462.5,Pelvis,2400,1.8434616876559577,2.4286129080768335
462.5,LeftForeArm,2400,0.34868863941137584,0.6929471207645845
462.5,RightForeArm,2400,0.3581141987878248,0.6689962280306175
462.5,LeftLowerLeg,2400,5.0598185617197124,5.876143923644538
462.5,RightLowerLeg,2400,3.5503857591167898,4.2828542264070855
472.5,Pelvis,2400,1.1387871045495745,1.7604564654012362
472.5,LeftForeArm,2400,0.30177730358645616,0.7285227133118773
472.5,RightForeArm,2400,0.29518745088893006,0.5427154747094337
472.5,LeftLowerLeg,2400,5.23612364567201,7.085898137017158
472.5,RightLowerLeg,2400,3.2077298427014505,4.1499988532093735
482.5,Pelvis,2400,0.8268854720702882,1.0817651052906776
482.5,LeftForeArm,2400,0.29072798659793486,0.7079372486436386
482.5,RightForeArm,2400,0.29792264567042065,0.657838312403072
482.5,LeftLowerLeg,2400,4.661992123308645,5.637826079066443
482.5,RightLowerLeg,2400,2.649240025467221,3.1416862648037274
492.5,Pelvis,2400,0.6494607235369542,1.0639485425069297
492.5,LeftForeArm,2400,0.4331653004865768,1.1727018027218197
492.5,RightForeArm,2400,0.4589856285875893,1.4129153524512936
492.5,LeftLowerLeg,2400,3.6249054494861244,4.06561017436562
492.5,RightLowerLeg,2400,2.6691375596611793,3.078091907182775
502.5,Pelvis,2400,0.7806474445687264,0.9063760394271345
502.5,LeftForeArm,2400,0.18343695456305653,0.2526032841141875
502.5,RightForeArm,2400,0.26033987825799654,0.3710903089192892
502.5,LeftLowerLeg,2400,3.3905661216570833,3.5321294294544807
502.5,RightLowerLeg,2400,2.6315306744220237,2.8548863200417265
512.5,Pelvis,2400,0.8449364537953372,1.2712376016973985
512.5,LeftForeArm,2400,0.2785905089729024,0.8085968786392534
512.5,RightForeArm,2400,0.5908759117806514,1.4296296064778273
512.5,LeftLowerLeg,2400,3.375305739578577,4.06857441665439
512.5,RightLowerLeg,2400,2.700287040666104,3.315321080503426
522.5,Pelvis,2400,0.7782742050068046,0.8810072979993927
522.5,LeftForeArm,2400,0.26314084486791517,0.6610880319469417
522.5,RightForeArm,2400,0.31790332998413184,0.8044385528826187
522.5,LeftLowerLeg,2400,3.5912480811537786,3.7856227735093206
522.5,RightLowerLeg,2400,2.8928725488481466,3.392816559766486
532.5,Pelvis,2400,0.696641788380404,0.8919091569039287
532.5,LeftForeArm,2400,0.27889546990195874,0.5631829067785699
532.5,RightForeArm,2400,0.38613368543730947,0.703152335487046
532.5,LeftLowerLeg,2400,3.171108936312678,3.5861406075612394
532.5,RightLowerLeg,2400,2.4445709859478404,2.732500405490082
542.5,Pelvis,2400,0.5639431642749506,0.5939407380949542
542.5,LeftForeArm,2400,0.17574545668417396,0.21721311158585507
542.5,RightForeArm,2400,0.24510719915062112,0.3258951068793453
542.5,LeftLowerLeg,2400,2.9155478094340777,3.069981721350354
542.5,RightLowerLeg,2400,2.331716047433018,2.4363795054650628
552.5,Pelvis,2400,0.5255751424988309,0.5658480793068165
552.5,LeftForeArm,2400,0.1739421082242619,0.20185438475204612
552.5,RightForeArm,2400,0.24310219839988192,0.3852712380684313
552.5,LeftLowerLeg,2400,2.8709375011628997,2.9506003916571726
552.5,RightLowerLeg,2400,2.311158006910827,2.428432904737476
562.5,Pelvis,2400,0.7356943447763239,0.9345524201637517
562.5,LeftForeArm,2400,0.1702680286264723,0.2162977317297152
562.5,RightForeArm,2400,0.26203200600226007,0.5443387485297313
562.5,LeftLowerLeg,2400,2.82723107361918,2.945749568400498
562.5,RightLowerLeg,2400,2.2666234467234245,2.42338431809265
572.5,Pelvis,2400,1.013203954658529,2.1558500252324686
572.5,LeftForeArm,2400,0.4079803879277748,1.2338036506799401
572.5,RightForeArm,2400,0.28984903907870746,0.576494804791868
572.5,LeftLowerLeg,2400,3.3773488247615573,4.846327380117558
572.5,RightLowerLeg,2400,2.6150174115363907,4.2654179887423345
582.5,Pelvis,2400,1.7954619461426933,3.6576861319289984
582.5,LeftForeArm,2400,0.25356106999710315,0.435715584429709
582.5,RightForeArm,2400,0.2804695419983414,0.661454884245551
582.5,LeftLowerLeg,2400,3.3118042630764397,3.874544618687522
582.5,RightLowerLeg,2400,2.5500734735134847,3.1738078400289083
592.5,Pelvis,2400,2.208176940877544,2.9007325858985724
592.5,LeftForeArm,2400,0.17241072333299395,0.2874711355200335
592.5,RightForeArm,2400,0.32158292032621205,0.8377714569546124
592.5,LeftLowerLeg,2400,2.893096012619739,3.3862062385738296
592.5,RightLowerLeg,2400,2.3091321308101445,2.818224494849782
602.5,Pelvis,2400,1.7749068835235335,2.4163438450533943
602.5,LeftForeArm,2400,0.1952229779634593,0.3341828719814267
602.5,RightForeArm,2400,0.2481607732286118,0.4980292288217757
602.5,LeftLowerLeg,2400,2.5839791431948775,2.8153161393592865
602.5,RightLowerLeg,2400,2.0775237589809765,2.6821923274339965
612.5,Pelvis,2400,1.2994561779924803,1.4669328604940615
612.5,LeftForeArm,2400,0.17348000811963205,0.25681642693381845
612.5,RightForeArm,2400,0.30226802462351043,0.6200779943245278
612.5,LeftLowerLeg,2400,2.556559115172708,2.783438021648798
612.5,RightLowerLeg,2400,2.0488362211112134,2.208494220471113
622.5,Pelvis,2400,1.1759504135459553,1.3097083559995153
622.5,LeftForeArm,2400,0.17291963406032043,0.21153990671776718
622.5,RightForeArm,2400,0.24723360297698455,0.3809630652221761
622.5,LeftLowerLeg,2400,2.5911013570148613,2.7060756229261105
622.5,RightLowerLeg,2400,2.0436892029400084,2.1463292278795114
632.5,Pelvis,2400,1.2689187082280198,1.4975485582382642
632.5,LeftForeArm,2400,0.17918772350430573,0.260592984002469
632.5,RightForeArm,2400,0.27119111569682386,0.5327788251309233
632.5,LeftLowerLeg,2400,2.6896342235265136,2.8981084373951242
632.5,RightLowerLeg,2400,2.1772422491936565,2.3579769523189333
642.5,Pelvis,2400,2.500317797614166,3.6215345989666585
642.5,LeftForeArm,2400,0.20329054590793172,0.3658259380519402
642.5,RightForeArm,2400,0.265230839696823,0.539530695131242
642.5,LeftLowerLeg,2400,2.5823965889634497,2.8195784092695613
642.5,RightLowerLeg,2400,2.1863113362300926,2.3546168160807377
652.5,Pelvis,2400,3.0909737233980157,3.869737249720569
652.5,LeftForeArm,2400,0.2660717520621653,0.7482460161596146
652.5,RightForeArm,2400,0.2596991446756826,0.4340680548066195
652.5,LeftLowerLeg,2400,2.2812322636399145,2.5556630874392385
652.5,RightLowerLeg,2400,1.9046626637237971,2.3118089949570435
662.5,Pelvis,2400,2.338844158050593,2.5220340564146846
662.5,LeftForeArm,2400,0.17696327624546218,0.2725722815318349
662.5,RightForeArm,2400,0.25024307592041756,0.389995719360995
662.5,LeftLowerLeg,2400,2.135363817283412,2.2265597262688606
662.5,RightLowerLeg,2400,1.7902330278088308,1.9222018742086748
672.5,Pelvis,2400,2.6541605710092027,3.242977509125466
672.5,LeftForeArm,2400,0.22228071674298083,0.336628080244149
672.5,RightForeArm,2400,0.24851949644107624,0.4404018286289971
672.5,LeftLowerLeg,2400,2.1126867373692892,2.292949246767565
672.5,RightLowerLeg,2400,2.153715365708739,2.428281707836133
682.5,Pelvis,2400,3.112961757154613,3.5652079630407467
682.5,LeftForeArm,2400,0.17938373174080272,0.24276661487570786
682.5,RightForeArm,2400,0.27601839549005697,0.4596492192148532
682.5,LeftLowerLeg,2400,2.106798354662186,2.248730936606679
682.5,RightLowerLeg,2400,1.8844609745214567,2.1582013827217463
692.5,Pelvis,2400,1.8710864259577045,3.7050253863934444
692.5,LeftForeArm,2400,0.46781485655096827,1.15103345711706
692.5,RightForeArm,2400,0.7966940904927176,1.8827543355626915
692.5,LeftLowerLeg,2400,2.109020036303531,2.3893370149054927
692.5,RightLowerLeg,2400,1.9457790471503604,2.362515658412435
702.5,Pelvis,2400,0.769962808561001,1.4191214770000107
702.5,LeftForeArm,2400,0.38853315758027857,1.0560314060861369
702.5,RightForeArm,2400,0.4930165524346509,1.2871628772922246
702.5,LeftLowerLeg,2400,2.619861509359917,3.964927184252654
702.5,RightLowerLeg,2400,2.025292194503085,3.0036633931275682
712.5,Pelvis,2400,0.4161554743777578,0.601432442832492
712.5,LeftForeArm,2400,0.4049924783348524,1.1886726524987827
712.5,RightForeArm,2400,0.3285010712246204,0.6889988323996575
712.5,LeftLowerLeg,2400,1.4693571646567651,2.0591961157267944
712.5,RightLowerLeg,2400,1.7500639222651122,2.296207428805588
722.5,Pelvis,2400,0.5416564791851349,0.617401841989906
722.5,LeftForeArm,2400,0.17013336561347625,0.18224103936002223
722.5,RightForeArm,2400,0.23815580385064142,0.2638902084209681
722.5,LeftLowerLeg,2400,1.2550910482026325,1.3720670988158818
722.5,RightLowerLeg,2400,1.5810452460375841,1.6820751204570878
732.5,Pelvis,2400,0.6126948192922252,0.7052802056482819
732.5,LeftForeArm,2400,0.16986725472930894,0.193516314526404
732.5,RightForeArm,2400,0.24278242178547543,0.2965191832680461
732.5,LeftLowerLeg,2400,1.2573280330140315,1.3634482843934301
732.5,RightLowerLeg,2400,1.5486548494210828,1.6701985304606046
742.5,Pelvis,2400,0.8601127473285709,1.0121000495611754
742.5,LeftForeArm,2400,0.17110417473374473,0.19179665468971763
742.5,RightForeArm,2400,0.24206277753862898,0.34262070151442114
742.5,LeftLowerLeg,2400,1.180896182760796,1.2640062237917522
742.5,RightLowerLeg,2400,1.5006418373998367,1.5859611500888113
752.5,Pelvis,2400,0.6995217258245819,1.0592392398463386
752.5,LeftForeArm,2400,0.3057864232098334,0.9513925940336664
752.5,RightForeArm,2400,0.4011867985044793,1.1509441274922558
752.5,LeftLowerLeg,2400,1.1827232022247276,1.4789076170094144
752.5,RightLowerLeg,2400,1.471661277146482,2.106273048928595
762.5,Pelvis,2400,0.402036100515432,0.53995524470751
762.5,LeftForeArm,2400,0.5238243773689287,1.738587980170489
762.5,RightForeArm,2400,0.3622091757695851,0.845536306604532
762.5,LeftLowerLeg,2400,1.0905869385710214,1.573519832951749
762.5,RightLowerLeg,2400,1.5194046459083113,1.8810701807995192
772.5,Pelvis,2400,0.700409754650697,1.3001802609790816
772.5,LeftForeArm,2400,0.23762263993203891,0.6131233639364552
772.5,RightForeArm,2400,0.2901771379110239,0.47371776117967374
772.5,LeftLowerLeg,2400,1.0072595497708097,1.2246180936715698
772.5,RightLowerLeg,2400,1.4108732530425303,1.6467096827574834
782.5,Pelvis,2400,1.0865201748684816,1.1628089466988156
782.5,LeftForeArm,2400,0.1706207568834924,0.18892915027388896
782.5,RightForeArm,2400,0.24219544710310004,0.3258084902384228
782.5,LeftLowerLeg,2400,0.926526688558672,1.0410762130244147
782.5,RightLowerLeg,2400,1.2703622808209893,1.3893592104262593
792.5,Pelvis,2400,1.1783155198868134,1.2831744602732569
792.5,LeftForeArm,2400,0.16991342589951344,0.18967585107142731
792.5,RightForeArm,2400,0.2417830454952025,0.2992943788472092
792.5,LeftLowerLeg,2400,0.9862603418877419,1.1209798365670514
792.5,RightLowerLeg,2400,1.2775543534944558,1.329001006101202
802.5,Pelvis,2400,1.2313907903303905,1.2897742005032813
802.5,LeftForeArm,2400,0.1704751048130292,0.1912464826795849
802.5,RightForeArm,2400,0.23630107945419393,0.31236388493921846
802.5,LeftLowerLeg,2400,0.8958376114358786,0.9767554666136872
802.5,RightLowerLeg,2400,1.2685738378064608,1.3651447463729391
812.5,Pelvis,2400,1.1618145850417902,1.2656343920676176
812.5,LeftForeArm,2400,0.2090588339223426,0.3720785125140756
812.5,RightForeArm,2400,0.28453536721337636,0.574434392004214
812.5,LeftLowerLeg,2400,0.9097115508339844,1.0232469707473548
812.5,RightLowerLeg,2400,1.1726340563263469,1.444757156068352
822.5,Pelvis,2400,1.4016001195121597,1.7085901023634131
822.5,LeftForeArm,2400,0.22478842406306104,0.5093856875531793
822.5,RightForeArm,2400,0.3119084863871631,0.5823634255942312
822.5,LeftLowerLeg,2400,0.9232035190210856,1.131069934287935
822.5,RightLowerLeg,2400,1.2143418206776597,1.3599494956683793
832.5,Pelvis,2400,1.4308103493112774,1.5567597079473836
832.5,LeftForeArm,2400,0.17418821449433997,0.19911936036539557
832.5,RightForeArm,2400,0.2546599616414309,0.33105714792727076
832.5,LeftLowerLeg,2400,0.7653477397410337,1.020375824316953
832.5,RightLowerLeg,2400,1.0625827761025721,1.3660407365386016
842.5,Pelvis,2400,1.4889201850981397,1.6105684527296127
842.5,LeftForeArm,2400,0.1691869276407322,0.19834672659455604
842.5,RightForeArm,2400,0.23634490647765072,0.26971192209438327
842.5,LeftLowerLeg,2400,0.6722146115823525,0.858263527217467
842.5,RightLowerLeg,2400,0.9366810328064844,1.0356227856966378
852.5,Pelvis,2400,1.582387229553922,1.673902372776773
852.5,LeftForeArm,2400,0.1708975399819245,0.18519912071796962
852.5,RightForeArm,2400,0.23788962853689105,0.28743909879244256
852.5,LeftLowerLeg,2400,0.6857173790152151,0.8245167052928036
852.5,RightLowerLeg,2400,0.9157691894483332,0.9808373891661075
862.5,Pelvis,2400,1.715928549838968,1.7761261417653864
862.5,LeftForeArm,2400,0.17179860637309896,0.19953740489276986
862.5,RightForeArm,2400,0.23784914639005764,0.27184060815339983
862.5,LeftLowerLeg,2400,0.7714050016628138,1.0825250244335585
862.5,RightLowerLeg,2400,0.9003643019234191,1.0384622069200078
872.5,Pelvis,2400,1.9050884263568946,2.664280175865134
872.5,LeftForeArm,2400,0.18092231483421536,0.3801741599047144
872.5,RightForeArm,2400,0.2864644719945209,0.6190887156614672
872.5,LeftLowerLeg,2400,0.6966822466167952,0.9284417430494417
872.5,RightLowerLeg,2400,0.8880696113107104,1.1377679054073018
882.5,Pelvis,2400,2.1700805433635058,2.7299049857516917
882.5,LeftForeArm,2400,0.17341609773794642,0.22146394053151397
882.5,RightForeArm,2400,0.2720663712717531,0.47650820918302467
882.5,LeftLowerLeg,2400,0.707081649055579,1.1614045118187615
882.5,RightLowerLeg,2400,0.8615551445630979,1.1176951911413895
892.5,Pelvis,2400,0.918475038291447,1.7502548386739363
892.5,LeftForeArm,2400,0.42491640439602824,1.086429886971161
892.5,RightForeArm,2400,0.5736253613920409,1.479794883792073
892.5,LeftLowerLeg,2400,0.8566179304806941,1.782306011340782
892.5,RightLowerLeg,2400,1.5347187351837381,2.6906046161320973
902.5,Pelvis,2400,0.8816170802666966,1.0977829577322324
902.5,LeftForeArm,2400,0.26221307709102426,0.4708612998258783
902.5,RightForeArm,2400,0.3085832735801015,0.529942897694162
902.5,LeftLowerLeg,2400,0.739377636239783,0.9689974825977299
902.5,RightLowerLeg,2400,2.215272916025434,3.035302124519777
912.5,Pelvis,2400,0.8951423561186936,1.5556329989095516
912.5,LeftForeArm,2400,0.31251704363532384,0.5940621087071802
912.5,RightForeArm,2400,0.3039536417762888,0.6177852849868576
912.5,LeftLowerLeg,2400,0.8298076601712787,1.6192430922766674
912.5,RightLowerLeg,2400,0.9835829318661262,1.4106056069877775
922.5,Pelvis,2400,1.1443148921782533,2.0158571628960207
922.5,LeftForeArm,2400,0.18398129237987634,0.31577421735995936
922.5,RightForeArm,2400,0.2679133075319743,0.49774836796603955
922.5,LeftLowerLeg,2400,1.020601531739157,1.4831272216462683
922.5,RightLowerLeg,2400,1.0619050311477987,1.620337262704855
932.5,Pelvis,2400,1.2990868406781988,1.3845783528204285
932.5,LeftForeArm,2400,0.17020947954085364,0.19702290860786642
932.5,RightForeArm,2400,0.249443876534507,0.37810157403693484
932.5,LeftLowerLeg,2400,0.8849613393615278,0.982861072423383
932.5,RightLowerLeg,2400,0.8304587231837431,1.0596725944898016
942.5,Pelvis,2400,1.1895337509540649,1.3093244224394969
942.5,LeftForeArm,2400,0.1693945250416388,0.20597012542500462
942.5,RightForeArm,2400,0.24459569670377448,0.3283101015194849
942.5,LeftLowerLeg,2400,0.9258541901104407,1.087494567844475
942.5,RightLowerLeg,2400,0.8362855018121752,1.0145299967255321
952.5,Pelvis,2400,1.1011882749073914,1.2601470313835281
952.5,LeftForeArm,2400,0.17213636094260967,0.2067864314681246
952.5,RightForeArm,2400,0.25401709349793894,0.43933653578550347
952.5,LeftLowerLeg,2400,0.7839590441691784,1.0241686191351431
952.5,RightLowerLeg,2400,0.6695006412599039,0.9008949482332556
962.5,Pelvis,2400,1.0877981799382836,1.2023453717027988
962.5,LeftForeArm,2400,0.17064673106173445,0.19257564402715469
962.5,RightForeArm,2400,0.24660543400473525,0.3511721491538113
962.5,LeftLowerLeg,2400,0.7748055275504687,0.9119304085762693
962.5,RightLowerLeg,2400,0.5459901553087839,0.660600830540518
972.5,Pelvis,2400,1.3083077776110157,1.6313819558091744
972.5,LeftForeArm,2400,0.17798259926400256,0.22097274494136537
972.5,RightForeArm,2400,0.2497053892384208,0.33420669546750686
972.5,LeftLowerLeg,2400,0.6654845315058368,0.8465607176350577
972.5,RightLowerLeg,2400,0.490686650496403,0.6592456652281065
982.5,Pelvis,2400,1.8136503177030117,2.3459739016500856
982.5,LeftForeArm,2400,0.1892525400725578,0.28432758311338585
982.5,RightForeArm,2400,0.2789167615147866,0.46891821683872914
982.5,LeftLowerLeg,2400,0.6618673079847526,0.8999499585379068
982.5,RightLowerLeg,2400,0.5040379955411328,0.959200470928621
992.5,Pelvis,2400,1.825914370580601,1.9232285360891985
992.5,LeftForeArm,2400,0.17020207133824594,0.19415303521671093
992.5,RightForeArm,2400,0.2513341417314437,0.3202282652542141
992.5,LeftLowerLeg,2400,0.6765357382970811,0.7392808326346854
992.5,RightLowerLeg,2400,0.3340495176750479,0.47484386112969534
1002.5,Pelvis,2400,1.7927455958156535,1.9466136177503448
1002.5,LeftForeArm,2400,0.17416693998163815,0.20806831731847544
1002.5,RightForeArm,2400,0.24288838237685628,0.3164337477709496
1002.5,LeftLowerLeg,2400,0.7007667555056711,0.8126682100886122
1002.5,RightLowerLeg,2400,0.38666298937573496,0.6044455793012519
1012.5,Pelvis,2400,1.1846930748714966,1.2760875188961873
1012.5,LeftForeArm,2400,0.17017262880856343,0.22937979099040853
1012.5,RightForeArm,2400,0.24750134433769536,0.3348679795481003
1012.5,LeftLowerLeg,2400,0.599888747060613,0.7452275183392149
1012.5,RightLowerLeg,2400,0.4389430643077188,0.5566248077211277
1022.5,Pelvis,2400,1.5323946289320969,2.325871038061356
1022.5,LeftForeArm,2400,0.175571888039146,0.2422408509057224
1022.5,RightForeArm,2400,0.24718996215902186,0.3439643815390035
1022.5,LeftLowerLeg,2400,0.5998757478981183,0.7166715310375211
1022.5,RightLowerLeg,2400,0.4206109975095827,0.575636328011039
1032.5,Pelvis,2400,2.1919459171828106,2.238366787399305
1032.5,LeftForeArm,2400,0.17150772779982648,0.18983467444378094
1032.5,RightForeArm,2400,0.24772558995760885,0.3117189886341264
1032.5,LeftLowerLeg,2400,0.6192289792168856,0.7474263510593281
1032.5,RightLowerLeg,2400,0.33241134479525497,0.46470887572565145
1042.5,Pelvis,2400,2.0432787326142736,2.568246200730002
1042.5,LeftForeArm,2400,0.17897160124263217,0.22236283337161636
1042.5,RightForeArm,2400,0.2863700365440185,0.466488399707462
1042.5,LeftLowerLeg,2400,0.624021670246124,0.9524709737205966
1042.5,RightLowerLeg,2400,0.48783126457952286,1.208796431883018
1052.5,Pelvis,2400,1.5372392394076637,1.7543141795913122
1052.5,LeftForeArm,2400,0.17891660956110905,0.23634514992051156
1052.5,RightForeArm,2400,0.2654499525016009,0.39138510518636815
1052.5,LeftLowerLeg,2400,0.7070743173126944,0.8800541616047881
1052.5,RightLowerLeg,2400,0.34372591186465634,0.5841937125015328
1062.5,Pelvis,2400,1.5653765469943843,1.7846968440632949
1062.5,LeftForeArm,2400,0.17312930071616844,0.1933062824188436
1062.5,RightForeArm,2400,0.25049300517657125,0.3550011969372306
1062.5,LeftLowerLeg,2400,0.60105223499507,0.7301487607038217
1062.5,RightLowerLeg,2400,0.3156310247783217,0.44084855677842466
1072.5,Pelvis,2400,1.7553730429367282,2.5470604953030316
1072.5,LeftForeArm,2400,0.2669285431729505,0.6676651158640684
1072.5,RightForeArm,2400,0.3172796856428165,0.7411740896681595
1072.5,LeftLowerLeg,2400,0.5472555299026403,0.7094382869998122
1072.5,RightLowerLeg,2400,0.3701364665140469,0.7263172034320952
1082.5,Pelvis,2400,2.2493816672273796,2.9340685045936543
1082.5,LeftForeArm,2400,0.2083702354166919,0.3657865876873017
1082.5,RightForeArm,2400,0.2956662240065505,0.5982146651031779
1082.5,LeftLowerLeg,2400,0.6016052504801112,0.7880724155679452
1082.5,RightLowerLeg,2400,0.37311517315485576,0.7257224032982244
1092.5,Pelvis,2400,2.259696764796852,2.3899986811475133
1092.5,LeftForeArm,2400,0.19856489335796781,0.344514927945113
1092.5,RightForeArm,2400,0.27717982075109593,0.4190247551828347
1092.5,LeftLowerLeg,2400,0.529438525824356,0.6326971084281215
1092.5,RightLowerLeg,2400,0.34548329008701595,0.47564475111114424
1102.5,Pelvis,2400,1.8450670095388713,2.387195707133185
1102.5,LeftForeArm,2400,0.17122017136506867,0.21188468999583712
1102.5,RightForeArm,2400,0.2639436139320254,0.47813457626554007
1102.5,LeftLowerLeg,2400,0.42824996133885057,0.6263309664488614
1102.5,RightLowerLeg,2400,0.27888595646240844,0.5433296794490533
1112.5,Pelvis,2400,2.420026615974741,2.797925147294302
1112.5,LeftForeArm,2400,0.19106931222429457,0.35880496978907006
1112.5,RightForeArm,2400,0.26746026457028704,0.547155029501482
1112.5,LeftLowerLeg,2400,0.44100185521531177,0.5899759594152066
1112.5,RightLowerLeg,2400,0.36419401178525623,0.6954811320523124
1122.5,Pelvis,2400,2.217213313174724,2.2998130351484254
1122.5,LeftForeArm,2400,0.17296136113018837,0.21179977390006988
1122.5,RightForeArm,2400,0.24242598685671785,0.30616598480180335
1122.5,LeftLowerLeg,2400,0.37972006091431854,0.5416416990643911
1122.5,RightLowerLeg,2400,0.3521350149681685,0.5028407365473757
1132.5,Pelvis,931,1.0125306999116392,2.3229253379553043
1132.5,LeftForeArm,931,0.3245553050539784,0.7829173163187585
1132.5,RightForeArm,931,0.2733504150750512,0.7132654851899465
1132.5,LeftLowerLeg,931,0.49905761386638675,0.6285157155193916
1132.5,RightLowerLeg,931,0.6014949105611536,1.0065930628844906
