start_seconds,frames,lower_mean_error_deg,delay_aligned_lower_error_deg,predicted_knee_bend_mean_deg,reference_knee_bend_mean_deg,left_hip_error_deg,right_hip_error_deg,left_knee_error_deg,right_knee_error_deg
0.0,434,15.105322475282918,13.453254574918391,15.045374864279621,18.53315247630898,14.880083470865792,14.97694610397772,14.483767715593011,16.08049261069515
10.0,600,12.263489057824007,12.023771065799354,12.338363276368769,8.362988973031397,14.274920725893764,12.455742823717543,13.338514181792998,8.984778499891723
20.0,600,12.421434334347632,12.356602981331337,12.174473483863903,6.58100307141342,17.132144922977094,8.774020962484935,17.39921218021226,6.380359271716237
30.0,600,10.945513252541874,10.757913867388295,6.563490793847048,6.008167110629135,10.988489999130572,12.220424808785816,11.678539994802538,8.89459820744857
40.0,600,14.74529020444516,13.222420642595829,15.195668591358778,19.13122219802974,14.191994374987068,13.91777549117019,15.55153571569318,15.31985523593021
50.0,600,11.663785943635622,11.19282753376197,8.067523947834973,9.09009524220059,10.326714556565806,15.162745221451178,10.26280324510016,10.902880751425341
60.0,600,11.896887221050978,11.519488442882441,6.002353183373678,7.714675989818452,13.089011762265402,12.369214138835895,11.608124658729405,10.521198324373206
70.0,600,14.71738905745721,13.345511453845836,18.09672897730184,13.407282412494848,19.469515841637477,10.289477706472537,15.869535902796233,13.241026778922585
80.0,600,18.5491385189402,13.356857374486857,19.23784567006546,19.35197752036404,20.800953092915023,14.401235767236633,20.804381898327897,18.18998331728125
90.0,600,18.855796789684312,14.050120768204312,15.058341251220194,19.851402103237128,19.419161989818978,14.99727906562298,19.98193673084006,21.02480937245523
100.0,600,16.904234165086056,14.544844968727421,13.41461840157514,19.729903067754833,17.43768833431915,15.23539473679306,17.489617421689132,17.45423616754287
110.0,600,19.933379505563746,14.064030457125188,18.56564791259151,24.429087377888845,20.788823905396427,15.607437592437995,21.025656934013497,22.311599590407077
120.0,600,18.70170594511183,12.207523484502232,18.427263256140158,22.519665328507998,19.15010429732173,15.224615295266803,18.624815379754068,21.807288808104726
130.0,600,21.490248522794186,15.607906715035648,27.233629164846498,22.81844930737702,22.83322909539029,17.362917767996443,24.14227802270209,21.622569205087917
140.0,600,20.634602923141653,13.440736447473146,20.495995790742334,25.10068365271229,19.77313936599394,16.589067554675808,22.54151871457164,23.634686057325208
150.0,600,20.44183844643732,12.087080730539196,18.479498234513482,19.8213138727898,19.941118434797108,15.90733015536413,22.767960685172817,23.15094451041522
160.0,600,19.217687249368662,12.133203084316495,17.491847180779533,20.59246931230275,18.644901431101836,15.30048573163286,20.18098944732618,22.744372387413776
170.0,600,19.9712768609374,12.652063133968742,16.402897529596114,19.265556290171123,19.60783994467894,16.78042521800605,21.19619618792605,22.300646093138578
180.0,600,20.792544761966074,12.43175242320551,17.905545401379943,20.435012308898873,19.356141600824323,17.792864105431722,22.239583544215964,23.7815897973923
190.0,600,20.117674637617693,13.12678323375282,14.96520427083916,20.20650241298415,20.423950020172295,17.062551470403665,20.16446095131112,22.819736108583694
200.0,600,18.4614883379036,13.382046600630074,15.701197807777616,20.594342093554694,19.257002364799913,16.956392890295263,19.192934926724806,18.43962316979442
210.0,600,18.66643193066047,13.286270895663906,17.0089886818226,19.77087972832131,19.24288333577013,16.193649281555857,19.61520868030686,19.61398642500902
220.0,600,22.8022834111802,16.968774274572485,21.54907093173382,26.94289799614104,21.995445761878678,18.81659565115891,24.723278873310143,25.673813358373042
230.0,600,20.799446036323964,15.586865916573194,18.946010461421086,21.968390736434216,21.385558123750403,18.37501405280644,21.77922997412703,21.657981994611976
240.0,600,20.451493816828357,14.341869809718094,19.337429632643932,19.837612218299636,21.301564695403986,18.58943540654349,22.18008702079426,19.734888144571705
250.0,600,24.127032865331092,17.10609499241599,20.823289321193748,27.544570385388663,23.165037424147105,19.638279280735333,25.990734765527353,27.71407999091459
260.0,600,19.72498796392445,13.960197553306285,19.701819782883728,20.36062865533887,20.732557375836144,17.602943056296088,21.00703450419827,19.5574169193673
270.0,600,21.644386113732242,17.189466567909232,18.171453926496465,25.082974796275046,25.576756795462643,17.181328215508188,24.263533668136482,19.555925775821663
280.0,600,27.54364801076594,26.112255746131794,9.997626830819504,28.535325931410693,30.382616051689485,24.32446283748775,29.82983947023609,25.637673683650434
290.0,600,56.28530275930583,56.21680268321521,28.57371884997758,82.28431920360438,66.73687029243952,45.99960837339084,67.14332055076899,45.26141182062398
300.0,600,62.074080533464006,62.05103295808162,21.119709803237313,81.50952450008278,73.50212579717945,48.42394402811072,72.28948620336871,54.08076610519712
310.0,600,60.750369080899766,60.73292465918288,23.376755550683882,81.70940686653213,72.94230222843188,47.839928812575174,70.30354402011746,51.91570126247455
320.0,600,73.00475923368387,72.89485608559056,18.494779292032717,87.28014151215946,80.44712074323235,67.83687299733356,79.95943359305404,63.77560960111554
330.0,600,60.53309342969708,60.49247798553304,50.9988539408941,100.83118637898158,82.79938091404587,49.09358231052289,78.32745449372288,31.911956000496684
340.0,600,54.58424029549774,54.643035110586695,53.38773952453689,101.21864700673216,80.03935000900606,33.85364065130734,75.91698340930964,28.52698711236797
350.0,600,50.212835164794654,50.231831330518574,49.61862872471877,94.45870964058118,64.13497206960164,39.52023413905617,60.996653557766656,36.199480892754124
360.0,600,52.48128992011475,52.56215556599372,44.952993150409775,93.29313881988173,61.92835709287935,44.963230153895296,64.91009344327719,38.12347899040714
370.0,600,48.98977314791954,48.98954653366274,46.1029277077234,92.8691958088215,57.90660516992238,38.53747385514,65.56089591197104,33.95411765464477
380.0,600,51.22280140447597,51.10096751282429,42.323545532880104,92.75208027272883,60.31196300594068,39.239779329126975,66.99279407059771,38.34666921223854
390.0,600,50.01272785169046,50.128889212250556,43.205054224585965,92.47560439779413,58.79937180410566,38.27896160309001,65.59825638196256,37.37432161760361
400.0,600,50.708318238265434,50.72206180891386,44.326540316743156,90.62177289536943,61.652229091000116,41.381164944272996,63.138555665423446,36.66132325236517
410.0,600,59.485536136531735,59.45699371246356,26.67151391230163,81.84217470152637,76.61610008432525,45.33555729032132,75.05460090013834,40.93588627134206
420.0,600,67.25727016469692,67.34217270670737,13.155226507715318,79.44398529618034,81.32047664799279,52.73994834130986,81.80105721852073,53.167598450964306
430.0,600,64.55064869951842,64.46863745329308,17.652118177136277,80.05539615999005,80.0195580024197,50.49230585321958,77.65393473125832,50.03679621117608
440.0,600,59.74004291122915,59.6557472111163,29.93327748169584,86.28504831197229,73.81176129988233,45.254001656573266,70.89553632167838,48.99887236678262
450.0,600,39.64751017870221,39.674765001896155,62.93472623674885,95.01971159881138,59.24907075749856,20.713326660353697,53.149520889996,25.478122406960594
460.0,600,35.18959527172673,35.17527480826051,66.49903319933695,93.88812561979597,55.47817755551526,14.411074692799009,49.46778912904906,21.401339709543613
470.0,600,41.25211894671123,41.21995964617074,61.02665208598919,94.1016855922817,60.899041415276,27.96863249284045,50.820416757892644,25.320385120835816
480.0,600,42.900638062690874,42.92033675205648,60.51408992268126,94.23936721972046,61.74243958736392,31.905507168509388,51.05911284881869,26.895492646071506
490.0,600,42.297830363190464,42.30173766688241,57.73399757000768,93.64810966770568,60.35986577778972,26.270006604286362,55.7243009190273,26.8371481516585
500.0,600,35.540327201665825,35.55210468405312,63.944730637977024,93.15191015918725,54.33664624387018,14.736994422668461,54.74741597466682,18.340252165457834
510.0,600,35.10960140140588,35.11188324801149,64.27902988373901,93.20973908758279,53.40992157166615,15.15066573497835,53.28218084498695,18.59563745399208
520.0,600,37.83554751634017,37.84545174380596,60.85113295054768,93.29535938710009,55.68367869946444,19.09297028392613,53.68002499887168,22.88551608309846
530.0,600,39.056183662722646,39.06005090421387,59.488653946663774,93.02801124380294,56.630234388430765,20.112863264265766,55.95081903943819,23.53081795875586
540.0,600,37.583965157602286,37.59098477015347,60.451851567934014,93.03031148846912,54.21719339670202,20.6324692321457,52.944476875680934,22.5417211258805
550.0,600,36.835395129181535,36.835750376764324,60.82337175055269,92.97430768143407,53.28500895305076,19.09686529818753,52.870938005841865,22.08876825964599
560.0,600,36.553963892893904,36.55491168989653,60.94672735318847,92.9711600759505,52.881272854161615,18.66272199556138,52.92489554321841,21.746965178634188
570.0,600,36.664929239168586,36.62488775337067,61.31901925272351,93.75508392697233,52.8450478510785,18.751291777732924,52.90221929853733,22.1611580293256
580.0,600,34.783581043093946,34.820677537687125,69.58276980852457,97.89601865861962,49.05450820685566,15.321283108064963,50.00104575992707,24.757487097528113
590.0,600,34.39033628822906,34.38615537675347,71.88533484535404,98.04865287095453,48.757157157777655,15.7252609057182,48.99143235512311,24.087494734297252
600.0,600,33.62144950435298,33.622730492658604,71.83481892370432,97.71815237218199,46.552101165851504,15.906728602527485,48.450008281441484,23.576959967591453
610.0,600,32.65233961126728,32.65813678639675,70.75237783486973,97.6215645596932,44.582662151789776,14.660329881099427,48.542162901576454,22.82420351060345
620.0,600,32.50060122378252,32.503124009277904,70.73156432995417,97.5592995382455,44.09625828265955,14.483580915454246,48.888655845156585,22.53390985185971
630.0,600,32.680869038964644,32.67609131561078,71.27602322847655,97.462566448951,44.21632735928022,15.14013788739108,49.151642017115,22.215368892072284
640.0,600,32.79867067443044,32.80438324121598,72.83799013378064,97.38896605944507,45.05109642689605,15.418160087356576,48.72040982000954,22.005016363459593
650.0,600,32.41994528356119,32.41674684608537,71.76764601086899,97.30622883067117,43.802715110462536,15.497305626749263,48.38913904630823,21.990621350724723
660.0,600,32.19427752797837,32.198873045996216,70.7999750609513,97.29557856848392,41.285485083554484,16.122603503742653,49.05479091306289,22.314230611553448
670.0,600,32.14438372131947,32.150630526408,71.04006672382265,97.27457682735515,41.102343809382276,16.16669208048902,49.22252532578772,22.08597366961886
680.0,600,32.54747394584984,32.536468543787535,72.41049548912245,97.23848949057643,42.59585577073634,16.555268968552614,48.18737225844755,22.851398785662845
690.0,600,32.32174655875939,32.333574866425685,73.56290797488657,97.22825825729895,43.39818169092925,15.535229414293669,47.65720460652548,22.696370523289147
700.0,600,32.471087048759024,32.410299091934384,70.92136525393681,97.59712103144322,44.127188707525,14.851295705591564,47.623597936460946,23.282265845458593
710.0,600,32.07759060754311,32.11264034450826,68.42200995101001,95.72409674417145,43.416288644824355,17.171326427040384,44.16052563545882,23.56222172284886
720.0,600,33.66860151319681,33.676078473300166,68.84469616020095,95.61475501282847,43.56222206408112,17.654632484510948,46.380691005370245,27.076860498824953
730.0,600,33.52777703536358,33.52913856840069,69.38730069130207,95.63798506229648,43.20755288866355,17.43170437606316,46.53226336154728,26.93958751518033
740.0,600,33.62522372396481,33.622603815681146,69.90291249936757,95.67102267154237,43.29273341233815,18.032004071620527,46.08990279333273,27.086254618567814
750.0,600,33.64602195962833,33.62101038403285,70.09482365157693,95.75024738542656,43.91371830509677,18.106503680690334,45.653072396479665,26.91079345624655
760.0,600,33.14079266575484,33.15530976404555,70.8690581636404,95.39841570478897,44.45327714242951,17.971811020090065,46.232134287272515,23.90594821322728
770.0,600,33.51941617549976,33.52878041828973,68.15867325600634,95.39340666481023,41.90729511435675,18.292011433593604,47.041465407874796,26.83689274617387
780.0,600,33.5803817166048,33.57815303942533,71.13097765241221,95.12662839244432,43.5632342073566,18.30779121768627,45.13228473390011,27.318216707476214
790.0,600,33.39625006929394,33.39719727562981,70.91904578187227,95.15940330137805,42.96704916487724,18.560644925600823,44.86286647154279,27.194439715154893
800.0,600,32.79065070839081,32.79120573348746,70.12113099940589,95.10935565447599,41.65729717926041,18.06442786151,45.44106619305628,25.99981159973654
810.0,600,33.05260375039439,33.05229721270101,70.08317419738901,95.10003330767661,41.60002126491778,18.29208560257041,45.9539941071792,26.364314026910183
820.0,600,32.84061618479755,32.840304657919376,69.83025725523854,95.01034179887097,40.957543173583375,18.73265341048355,45.83908181714938,25.833186337973885
830.0,600,32.04766032664879,32.05616863817002,70.94551465948601,94.84850014800298,40.74839940606011,17.42569574511029,44.65548674241197,25.361059413012786
840.0,600,31.97254334486979,31.973289330636913,69.89664981184707,94.60797893504042,39.53864270969843,17.800202184969763,45.03688545968871,25.514443025122265
850.0,600,31.807657700979266,31.80661812657306,70.18725722479506,94.59174705925741,39.37320860784865,17.855490947715,44.60795506518565,25.39397618316773
860.0,600,31.774678789183394,31.775869206398458,70.36726285201956,94.39515058520465,39.405336827903106,18.035165275134442,44.45964595503015,25.19856709866589
870.0,600,32.041463265171195,32.04626357288971,70.39935953126202,94.29964540710256,39.65808210895929,17.961862687448672,45.12134182986603,25.424566434410767
880.0,600,32.41197582083862,32.416612884833604,71.18786755189241,94.29905048242414,40.242686332530525,18.76836474080692,44.41821254353546,26.21863966648159
890.0,600,30.914016914067997,30.924467967967853,71.05952712307531,92.68694759521304,40.257284212880236,17.45776973923354,42.69121009867596,23.249803605482242
900.0,600,28.95037491414394,28.928916434627972,70.79666802591127,89.1174902586727,43.18302879933041,12.914337576572725,42.63217505372613,17.071958226946492
910.0,600,34.27876698032778,34.289515623046206,72.98714079718006,94.15921355635564,45.52054922640468,19.542231502228532,45.96336580462225,26.08892138805568
920.0,600,33.5323953918389,33.527701697528514,69.42662848635202,93.61839396783758,41.566016388905894,19.89645235135341,45.451867264023136,27.215245563073154
930.0,600,32.86284654673413,32.861483278403185,70.55805314000014,92.86984745669676,41.156286098174434,19.451334522143938,44.558663429108925,26.285102137509224
940.0,600,32.22309327028001,32.22483850570186,69.4209564202636,92.77348213898229,40.026986041122946,18.893987961382493,45.046252100606566,24.925146978008037
950.0,600,31.8319676069876,31.833981089332706,69.35634517737529,92.55085467293692,39.33680781203944,18.79369424109943,44.68343021802546,24.513938156786057
960.0,600,31.33204586119978,31.3311126598294,69.34310926384838,91.99162771325359,38.52490508023658,18.894780164070543,44.07475106005617,23.833747140435833
970.0,600,31.48159485373566,31.484945864875783,69.46388145307421,91.98686732174572,38.473949846734264,18.762702336687003,44.82078690378894,23.86894032773243
980.0,600,31.555749290184686,31.56322187542236,71.06638276744181,91.74364137783351,38.77559556961293,19.368747800293836,44.27172658647818,23.806927204353794
990.0,600,30.961031173434385,30.95769186448066,69.36610847374928,91.45459159349413,37.66880121106332,18.33216660000911,45.174512384280995,22.668644498384108
1000.0,600,30.67941304984861,30.678212135184463,69.18965584639017,91.29175428798857,37.33627276289049,18.043349269094268,45.21209243360082,22.125937733808865
1010.0,600,30.407672898478054,30.411425396349003,69.77528492518341,91.07749545382991,37.50694533575227,17.034209275262455,44.775440249793476,22.314096733104005
1020.0,600,30.065555943783572,30.06806736843072,69.31050774690878,90.72961876603806,36.60928027208003,16.442063924256033,45.3229059551579,21.88797362364032
1030.0,600,30.146529390075617,30.14469812047942,69.50353136837222,90.54617973710302,36.96706180462297,17.361227826627545,44.67569796950313,21.582129959548812
1040.0,600,30.052102750298,30.045728541860573,69.95808476388031,90.46526002644833,37.10110678254683,18.267719529065857,43.327798800990934,21.51178588858839
1050.0,600,30.183240883402057,30.187064964041845,67.98917827832629,90.60221728772153,36.371038603090284,17.127445806956334,45.407773471001455,21.826705652560147
1060.0,600,29.69026925138582,29.694454788964183,68.38443237856599,90.5180208436211,36.3741643326884,16.85517686957375,44.37636229903256,21.155373504248566
1070.0,600,29.310076260889012,29.30800346104629,68.31395865765651,90.40121607353827,35.79479502685701,16.236666077353785,44.254556531498295,20.95428740784697
1080.0,600,30.021001655877335,30.022352958426108,69.07880127019234,90.01344631823852,37.124879641069384,18.023731174101332,43.32481090928295,21.610584899055684
1090.0,600,29.013965156356207,29.01790771752229,68.40659891380956,89.91005566291436,35.64132964959846,16.219729744781596,44.09187485101271,20.10292638003204
1100.0,600,28.940110079246715,28.94429087305413,68.34630819693957,90.00153951837545,35.38260861984841,16.13525607441854,44.13386217628949,20.108713446430425
1110.0,600,28.8030726362126,28.800626139900743,67.66377774329798,90.00030495767719,35.18138518355144,16.02745843314792,43.97668738187388,20.026759546277177
1120.0,600,28.680770193509513,28.68401736125191,68.4463912188918,89.91023702951519,35.255660585564605,15.955224260471056,43.15808008375085,20.35411584425154
1130.0,383,29.19801736656752,29.175206199185297,68.07169996154506,89.75443199731868,35.942758415383,16.30795499416858,43.865575764921935,20.67578029179657
