frame,time_seconds,segment,root_centered_x_m,root_centered_y_m,native_z_m
68433,285.137,Pelvis,0.0,0.0,1.086527943611145
68433,285.137,L5,-0.00489044189453125,0.011791229248046875,1.205489993095398
68433,285.137,L3,0.01302337646484375,0.014919281005859375,1.2887229919433594
68433,285.137,T12,0.0251617431640625,0.015140533447265625,1.365797996520996
68433,285.137,T8,0.042327880859375,0.013479232788085938,1.441802978515625
68433,285.137,Neck,0.0828857421875,0.011730194091796875,1.5399659872055054
68433,285.137,Head,0.12985992431640625,0.0323028564453125,1.616711974143982
68433,285.137,RightShoulder,0.0686798095703125,-0.012590408325195312,1.4955430030822754
68433,285.137,RightUpperArm,0.09897613525390625,-0.15236282348632812,1.4532710313796997
68433,285.137,RightForeArm,0.04155731201171875,-0.21311378479003906,1.134328007698059
68433,285.137,RightHand,0.0291748046875,-0.21021652221679688,0.8653950095176697
68433,285.137,LeftShoulder,0.06063079833984375,0.038120269775390625,1.499783992767334
68433,285.137,LeftUpperArm,0.043212890625,0.18539810180664062,1.4841129779815674
68433,285.137,LeftForeArm,-0.1815338134765625,0.24555397033691406,1.2504709959030151
68433,285.137,LeftHand,-0.0494842529296875,0.45789337158203125,1.1507530212402344
68433,285.137,RightUpperLeg,-0.00336456298828125,-0.10292625427246094,1.1005979776382446
68433,285.137,RightLowerLeg,-0.01531219482421875,-0.06801414489746094,0.6188279986381531
68433,285.137,RightFoot,-0.05860137939453125,-0.029954910278320312,0.12104299664497375
68433,285.137,RightToe,0.13951873779296875,-0.031879425048828125,0.02591400034725666
68433,285.137,LeftUpperLeg,0.00301361083984375,0.1036834716796875,1.0798720121383667
68433,285.137,LeftLowerLeg,0.22750091552734375,-0.003810882568359375,0.6657149791717529
68433,285.137,LeftFoot,0.30133819580078125,-0.034374237060546875,0.17100100219249725
68433,285.137,LeftToe,0.45236968994140625,-0.1773223876953125,0.09969499707221985
88217,367.57,Pelvis,0.0,0.0,0.7371280193328857
88217,367.57,L5,-0.05646514892578125,0.03911399841308594,0.8350890278816223
88217,367.57,L3,-0.06066131591796875,0.06983566284179688,0.9144440293312073
88217,367.57,T12,-0.06249237060546875,0.09943199157714844,0.9866129755973816
88217,367.57,T8,-0.05303192138671875,0.1305675506591797,1.0574300289154053
88217,367.57,Neck,-0.01671600341796875,0.1749897003173828,1.1468260288238525
88217,367.57,Head,0.03650665283203125,0.23367691040039062,1.1941750049591064
88217,367.57,RightShoulder,-0.03578948974609375,0.1317005157470703,1.1161760091781616
88217,367.57,RightUpperArm,0.001983642578125,-0.00290679931640625,1.1680760383605957
88217,367.57,RightForeArm,-0.0771484375,-0.24820327758789062,0.9624530076980591
88217,367.57,RightHand,0.12059783935546875,-0.17912673950195312,0.7933070063591003
88217,367.57,LeftShoulder,-0.04381561279296875,0.1784992218017578,1.0961840152740479
88217,367.57,LeftUpperArm,-0.0832672119140625,0.2935676574707031,1.0099159479141235
88217,367.57,LeftForeArm,-0.0912017822265625,0.3098773956298828,0.6807219982147217
88217,367.57,LeftHand,-0.07765960693359375,0.3692493438720703,0.4184899926185608
88217,367.57,RightUpperLeg,-0.02252960205078125,-0.09700775146484375,0.7668529748916626
88217,367.57,RightLowerLeg,0.44092559814453125,-0.1974163055419922,0.674127995967865
88217,367.57,RightFoot,0.34856414794921875,-0.2267322540283203,0.18247699737548828
88217,367.57,RightToe,0.4526519775390625,-0.3098564147949219,0.019867999479174614
88217,367.57,LeftUpperLeg,0.018768310546875,0.09942245483398438,0.7133659720420837
88217,367.57,LeftLowerLeg,0.45932769775390625,-0.08075904846191406,0.6302120089530945
88217,367.57,LeftFoot,0.34554290771484375,0.05408287048339844,0.16117599606513977
88217,367.57,LeftToe,0.47867584228515625,0.18376541137695312,0.03811800107359886
108001,450.004,Pelvis,0.0,0.0,0.8094260096549988
108001,450.004,L5,-0.010284423828125,0.016719818115234375,0.9274489879608154
108001,450.004,L3,-0.00066375732421875,0.0173187255859375,1.0120999813079834
108001,450.004,T12,0.00185394287109375,0.014585494995117188,1.0900349617004395
108001,450.004,T8,0.00745391845703125,0.0076389312744140625,1.1674590110778809
108001,450.004,Neck,0.03084564208984375,-0.0071926116943359375,1.270009994506836
108001,450.004,Head,0.08031463623046875,-0.030862808227539062,1.3442540168762207
108001,450.004,RightShoulder,0.01747894287109375,-0.025659561157226562,1.2226890325546265
108001,450.004,RightUpperArm,-0.01769256591796875,-0.1697406768798828,1.2070579528808594
108001,450.004,RightForeArm,-0.07161712646484375,-0.2681751251220703,0.8970339894294739
108001,450.004,RightHand,0.1612091064453125,-0.14934349060058594,0.8325629830360413
108001,450.004,LeftShoulder,0.0229034423828125,0.025203704833984375,1.228806972503662
108001,450.004,LeftUpperArm,0.034698486328125,0.17369651794433594,1.2216869592666626
108001,450.004,LeftForeArm,-0.1020355224609375,0.3069744110107422,0.9528509974479675
108001,450.004,LeftHand,0.1670989990234375,0.3025341033935547,0.947733998298645
108001,450.004,RightUpperLeg,-0.01142120361328125,-0.10181236267089844,0.8268960118293762
108001,450.004,RightLowerLeg,0.42034149169921875,-0.17604637145996094,0.6230909824371338
108001,450.004,RightFoot,0.17572784423828125,-0.26535797119140625,0.19495899975299835
108001,450.004,RightToe,0.22104644775390625,-0.3682136535644531,0.021383000537753105
108001,450.004,LeftUpperLeg,0.010772705078125,0.10286903381347656,0.799310028553009
108001,450.004,LeftLowerLeg,0.43445587158203125,-0.023929595947265625,0.6046410202980042
108001,450.004,LeftFoot,0.18029022216796875,0.09426689147949219,0.1892630010843277
108001,450.004,LeftToe,0.16455841064453125,0.2063121795654297,0.021090999245643616
247907,1032.945,Pelvis,0.0,0.0,0.8384389877319336
247907,1032.945,L5,-0.04407501220703125,0.002384185791015625,0.94964599609375
247907,1032.945,L3,-0.0383148193359375,0.003490447998046875,1.034641981124878
247907,1032.945,T12,-0.03084564208984375,0.002758026123046875,1.1123039722442627
247907,1032.945,T8,-0.011993408203125,0.0011920928955078125,1.1879099607467651
247907,1032.945,Neck,0.0367279052734375,-0.0006542205810546875,1.2822829484939575
247907,1032.945,Head,0.111663818359375,0.016994476318359375,1.3332010507583618
247907,1032.945,RightShoulder,0.00933837890625,-0.0250091552734375,1.238468050956726
247907,1032.945,RightUpperArm,0.02228546142578125,-0.17340850830078125,1.2314640283584595
247907,1032.945,RightForeArm,-0.06935882568359375,-0.24378395080566406,0.9226599931716919
247907,1032.945,RightHand,0.16872406005859375,-0.1262340545654297,0.8781089782714844
247907,1032.945,LeftShoulder,0.0054931640625,0.026275634765625,1.2414590120315552
247907,1032.945,LeftUpperArm,-0.00919342041015625,0.17322540283203125,1.2207059860229492
247907,1032.945,LeftForeArm,-0.11095428466796875,0.22454261779785156,0.9113150238990784
247907,1032.945,LeftHand,0.13416290283203125,0.11477279663085938,0.8925470113754272
247907,1032.945,RightUpperLeg,0.00939178466796875,-0.10294532775878906,0.8491889834403992
247907,1032.945,RightLowerLeg,0.43186187744140625,-0.17948341369628906,0.6275290250778198
247907,1032.945,RightFoot,0.2025299072265625,-0.3145580291748047,0.2029380053281784
247907,1032.945,RightToe,0.26850128173828125,-0.3805255889892578,0.020274000242352486
247907,1032.945,LeftUpperLeg,-0.0124359130859375,0.10310745239257812,0.8344979882240295
247907,1032.945,LeftLowerLeg,0.42059326171875,0.14846420288085938,0.6249809861183167
247907,1032.945,LeftFoot,0.180694580078125,0.14528274536132812,0.18503199517726898
247907,1032.945,LeftToe,0.29477691650390625,0.08315086364746094,0.020380999892950058
