source,subject_id,sequence_id,split,region,start_frame,end_frame_exclusive,duration_seconds,max_speed_deg_s,annotation_status,pose_semantics
/home/duanyuhan/dyh/motion/MotionRe/base_mobileposer/data/raw/DIP_IMU/s_02/05.pkl,s_02,05,train,trunk,1560,2129,9.483333333333333,4.926157380689836,candidate_not_reviewed,unknown
/home/duanyuhan/dyh/motion/MotionRe/base_mobileposer/data/raw/DIP_IMU/s_02/05.pkl,s_02,05,train,lower_body,1620,2162,9.033333333333333,4.036212116622157,candidate_not_reviewed,unknown
/home/duanyuhan/dyh/motion/MotionRe/base_mobileposer/data/raw/DIP_IMU/s_02/05.pkl,s_02,05,train,lower_body,2429,2704,4.583333333333333,4.9823917234191955,candidate_not_reviewed,unknown
/home/duanyuhan/dyh/motion/MotionRe/base_mobileposer/data/raw/DIP_IMU/s_02/05.pkl,s_02,05,train,trunk,2485,2708,3.716666666666667,4.828550276804158,candidate_not_reviewed,unknown
/home/duanyuhan/dyh/motion/MotionRe/base_mobileposer/data/raw/DIP_IMU/s_02/05.pkl,s_02,05,train,lower_body,5634,5828,3.2333333333333334,3.7536206683886615,candidate_not_reviewed,unknown
/home/duanyuhan/dyh/motion/MotionRe/base_mobileposer/data/raw/DIP_IMU/s_07/05.pkl,s_07,05,validation,lower_body,5658,5845,3.1166666666666667,4.374618487848603,candidate_not_reviewed,unknown
/home/duanyuhan/dyh/motion/MotionRe/base_mobileposer/data/raw/DIP_IMU/s_07/05.pkl,s_07,05,validation,lower_body,3801,3971,2.8333333333333335,4.6860853703791845,candidate_not_reviewed,unknown
/home/duanyuhan/dyh/motion/MotionRe/base_mobileposer/data/raw/DIP_IMU/s_07/05.pkl,s_07,05,validation,lower_body,2526,2693,2.783333333333333,4.249981163557235,candidate_not_reviewed,unknown
/home/duanyuhan/dyh/motion/MotionRe/base_mobileposer/data/raw/DIP_IMU/s_01/05.pkl,s_01,05,train,lower_body,1367,1531,2.7333333333333334,4.938472975933593,candidate_not_reviewed,unknown
/home/duanyuhan/dyh/motion/MotionRe/base_mobileposer/data/raw/DIP_IMU/s_07/05.pkl,s_07,05,validation,trunk,1940,2097,2.6166666666666667,4.764923520086914,candidate_not_reviewed,unknown
/home/duanyuhan/dyh/motion/MotionRe/base_mobileposer/data/raw/DIP_IMU/s_02/05.pkl,s_02,05,train,lower_body,1466,1619,2.55,4.739844857600299,candidate_not_reviewed,unknown
/home/duanyuhan/dyh/motion/MotionRe/base_mobileposer/data/raw/DIP_IMU/s_07/05.pkl,s_07,05,validation,trunk,1232,1383,2.5166666666666666,4.233163672092953,candidate_not_reviewed,unknown
/home/duanyuhan/dyh/motion/MotionRe/base_mobileposer/data/raw/DIP_IMU/s_07/05.pkl,s_07,05,validation,lower_body,3106,3253,2.45,4.777097292391889,candidate_not_reviewed,unknown
/home/duanyuhan/dyh/motion/MotionRe/base_mobileposer/data/raw/DIP_IMU/s_07/05.pkl,s_07,05,validation,lower_body,1956,2097,2.35,4.751855922714479,candidate_not_reviewed,unknown
/home/duanyuhan/dyh/motion/MotionRe/base_mobileposer/data/raw/DIP_IMU/s_08/05.pkl,s_08,05,validation,lower_body,5184,5324,2.3333333333333335,3.9787986330008263,candidate_not_reviewed,unknown
/home/duanyuhan/dyh/motion/MotionRe/base_mobileposer/data/raw/DIP_IMU/s_08/05.pkl,s_08,05,validation,trunk,5184,5324,2.3333333333333335,3.3294773688398283,candidate_not_reviewed,unknown
/home/duanyuhan/dyh/motion/MotionRe/base_mobileposer/data/raw/DIP_IMU/s_01/05.pkl,s_01,05,train,lower_body,590,727,2.283333333333333,4.64133470763746,candidate_not_reviewed,unknown
/home/duanyuhan/dyh/motion/MotionRe/base_mobileposer/data/raw/DIP_IMU/s_02/05.pkl,s_02,05,train,lower_body,3166,3301,2.25,4.778506512946199,candidate_not_reviewed,unknown
/home/duanyuhan/dyh/motion/MotionRe/base_mobileposer/data/raw/DIP_IMU/s_06/05.pkl,s_06,05,train,lower_body,2849,2983,2.2333333333333334,4.989494588508765,candidate_not_reviewed,unknown
/home/duanyuhan/dyh/motion/MotionRe/base_mobileposer/data/raw/DIP_IMU/s_01/05.pkl,s_01,05,train,lower_body,1908,2040,2.2,4.968524225583089,candidate_not_reviewed,unknown
/home/duanyuhan/dyh/motion/MotionRe/base_mobileposer/data/raw/DIP_IMU/s_01/05.pkl,s_01,05,train,lower_body,2394,2524,2.1666666666666665,4.179533126561823,candidate_not_reviewed,unknown
/home/duanyuhan/dyh/motion/MotionRe/base_mobileposer/data/raw/DIP_IMU/s_02/05.pkl,s_02,05,train,lower_body,4999,5125,2.1,4.902878837118389,candidate_not_reviewed,unknown
/home/duanyuhan/dyh/motion/MotionRe/base_mobileposer/data/raw/DIP_IMU/s_07/05.pkl,s_07,05,validation,lower_body,1232,1354,2.033333333333333,4.670689279496577,candidate_not_reviewed,unknown
/home/duanyuhan/dyh/motion/MotionRe/base_mobileposer/data/raw/DIP_IMU/s_07/05.pkl,s_07,05,validation,lower_body,2897,3019,2.033333333333333,4.437841946358773,candidate_not_reviewed,unknown
/home/duanyuhan/dyh/motion/MotionRe/base_mobileposer/data/raw/DIP_IMU/s_07/05.pkl,s_07,05,validation,trunk,3106,3228,2.033333333333333,4.8802020530971255,candidate_not_reviewed,unknown
/home/duanyuhan/dyh/motion/MotionRe/base_mobileposer/data/raw/DIP_IMU/s_04/05.pkl,s_04,05,train,lower_body,778,899,2.0166666666666666,3.6799020631932895,candidate_not_reviewed,unknown
/home/duanyuhan/dyh/motion/MotionRe/base_mobileposer/data/raw/DIP_IMU/s_04/05.pkl,s_04,05,train,lower_body,5541,5661,2.0,3.6995252401026737,candidate_not_reviewed,unknown
