source,subject,region,start_frame,end_frame_exclusive,duration_seconds,policy,mean_error_deg,initial_frame_error_deg,valid_frames,oracle_write_fraction_after_entry
/home/duanyuhan/dyh/motion/MotionRe/base_mobileposer/data/raw/DIP_IMU/s_07/05.pkl,s_07,trunk,1232,1383,2.5166666666666666,write,5.148610484645565,5.180561983873052,151,
/home/duanyuhan/dyh/motion/MotionRe/base_mobileposer/data/raw/DIP_IMU/s_07/05.pkl,s_07,trunk,1232,1383,2.5166666666666666,keep_entry,5.17266796661851,5.180561983873052,151,
/home/duanyuhan/dyh/motion/MotionRe/base_mobileposer/data/raw/DIP_IMU/s_07/05.pkl,s_07,trunk,1232,1383,2.5166666666666666,fixed_so3_ema,5.1574096256820745,5.180561983873052,151,
/home/duanyuhan/dyh/motion/MotionRe/base_mobileposer/data/raw/DIP_IMU/s_07/05.pkl,s_07,trunk,1232,1383,2.5166666666666666,gt_greedy_keep_write,5.097778578928006,5.180561983873052,151,0.08
/home/duanyuhan/dyh/motion/MotionRe/base_mobileposer/data/raw/DIP_IMU/s_07/05.pkl,s_07,trunk,1940,2097,2.6166666666666667,write,4.279218557413708,4.1263752607775075,157,
/home/duanyuhan/dyh/motion/MotionRe/base_mobileposer/data/raw/DIP_IMU/s_07/05.pkl,s_07,trunk,1940,2097,2.6166666666666667,keep_entry,4.263753057516427,4.1263752607775075,157,
/home/duanyuhan/dyh/motion/MotionRe/base_mobileposer/data/raw/DIP_IMU/s_07/05.pkl,s_07,trunk,1940,2097,2.6166666666666667,fixed_so3_ema,4.276530817082732,4.1263752607775075,157,
/home/duanyuhan/dyh/motion/MotionRe/base_mobileposer/data/raw/DIP_IMU/s_07/05.pkl,s_07,trunk,1940,2097,2.6166666666666667,gt_greedy_keep_write,4.159615738382065,4.1263752607775075,157,0.11538461538461539
/home/duanyuhan/dyh/motion/MotionRe/base_mobileposer/data/raw/DIP_IMU/s_07/05.pkl,s_07,trunk,3106,3228,2.033333333333333,write,4.911302123641436,5.9025250945555285,122,
/home/duanyuhan/dyh/motion/MotionRe/base_mobileposer/data/raw/DIP_IMU/s_07/05.pkl,s_07,trunk,3106,3228,2.033333333333333,keep_entry,5.909023349095088,5.9025250945555285,122,
/home/duanyuhan/dyh/motion/MotionRe/base_mobileposer/data/raw/DIP_IMU/s_07/05.pkl,s_07,trunk,3106,3228,2.033333333333333,fixed_so3_ema,5.01340798497647,5.9025250945555285,122,
/home/duanyuhan/dyh/motion/MotionRe/base_mobileposer/data/raw/DIP_IMU/s_07/05.pkl,s_07,trunk,3106,3228,2.033333333333333,gt_greedy_keep_write,4.910609873961308,5.9025250945555285,122,0.8512396694214877
/home/duanyuhan/dyh/motion/MotionRe/base_mobileposer/data/raw/DIP_IMU/s_07/05.pkl,s_07,lower_body,1232,1354,2.033333333333333,write,14.412773013470808,14.23894801691912,122,
/home/duanyuhan/dyh/motion/MotionRe/base_mobileposer/data/raw/DIP_IMU/s_07/05.pkl,s_07,lower_body,1232,1354,2.033333333333333,keep_entry,14.309837144842989,14.23894801691912,122,
/home/duanyuhan/dyh/motion/MotionRe/base_mobileposer/data/raw/DIP_IMU/s_07/05.pkl,s_07,lower_body,1232,1354,2.033333333333333,fixed_so3_ema,14.393401466775627,14.23894801691912,122,
/home/duanyuhan/dyh/motion/MotionRe/base_mobileposer/data/raw/DIP_IMU/s_07/05.pkl,s_07,lower_body,1232,1354,2.033333333333333,gt_greedy_keep_write,14.275813681548097,14.23894801691912,122,0.03305785123966942
/home/duanyuhan/dyh/motion/MotionRe/base_mobileposer/data/raw/DIP_IMU/s_07/05.pkl,s_07,lower_body,1956,2097,2.35,write,17.273384724920504,18.168680148602913,141,
/home/duanyuhan/dyh/motion/MotionRe/base_mobileposer/data/raw/DIP_IMU/s_07/05.pkl,s_07,lower_body,1956,2097,2.35,keep_entry,18.24364740620464,18.168680148602913,141,
/home/duanyuhan/dyh/motion/MotionRe/base_mobileposer/data/raw/DIP_IMU/s_07/05.pkl,s_07,lower_body,1956,2097,2.35,fixed_so3_ema,17.359060886426715,18.168680148602913,141,
/home/duanyuhan/dyh/motion/MotionRe/base_mobileposer/data/raw/DIP_IMU/s_07/05.pkl,s_07,lower_body,1956,2097,2.35,gt_greedy_keep_write,17.153706796168755,18.168680148602913,141,0.34285714285714286
/home/duanyuhan/dyh/motion/MotionRe/base_mobileposer/data/raw/DIP_IMU/s_07/05.pkl,s_07,lower_body,2526,2693,2.783333333333333,write,20.940079503344045,16.251992157979593,167,
/home/duanyuhan/dyh/motion/MotionRe/base_mobileposer/data/raw/DIP_IMU/s_07/05.pkl,s_07,lower_body,2526,2693,2.783333333333333,keep_entry,16.411371305304545,16.251992157979593,167,
/home/duanyuhan/dyh/motion/MotionRe/base_mobileposer/data/raw/DIP_IMU/s_07/05.pkl,s_07,lower_body,2526,2693,2.783333333333333,fixed_so3_ema,20.696110184029237,16.251992157979593,167,
/home/duanyuhan/dyh/motion/MotionRe/base_mobileposer/data/raw/DIP_IMU/s_07/05.pkl,s_07,lower_body,2526,2693,2.783333333333333,gt_greedy_keep_write,16.411371305304545,16.251992157979593,167,0.0
/home/duanyuhan/dyh/motion/MotionRe/base_mobileposer/data/raw/DIP_IMU/s_07/05.pkl,s_07,lower_body,2897,3019,2.033333333333333,write,22.35558157128162,18.908590906880168,122,
/home/duanyuhan/dyh/motion/MotionRe/base_mobileposer/data/raw/DIP_IMU/s_07/05.pkl,s_07,lower_body,2897,3019,2.033333333333333,keep_entry,19.029929707880655,18.908590906880168,122,
/home/duanyuhan/dyh/motion/MotionRe/base_mobileposer/data/raw/DIP_IMU/s_07/05.pkl,s_07,lower_body,2897,3019,2.033333333333333,fixed_so3_ema,22.03773776456081,18.908590906880168,122,
/home/duanyuhan/dyh/motion/MotionRe/base_mobileposer/data/raw/DIP_IMU/s_07/05.pkl,s_07,lower_body,2897,3019,2.033333333333333,gt_greedy_keep_write,19.029929707880655,18.908590906880168,122,0.0
/home/duanyuhan/dyh/motion/MotionRe/base_mobileposer/data/raw/DIP_IMU/s_07/05.pkl,s_07,lower_body,3106,3253,2.45,write,31.38948768359321,39.44534418842048,147,
/home/duanyuhan/dyh/motion/MotionRe/base_mobileposer/data/raw/DIP_IMU/s_07/05.pkl,s_07,lower_body,3106,3253,2.45,keep_entry,39.44317336953651,39.44534418842048,147,
/home/duanyuhan/dyh/motion/MotionRe/base_mobileposer/data/raw/DIP_IMU/s_07/05.pkl,s_07,lower_body,3106,3253,2.45,fixed_so3_ema,32.07792046790898,39.44534418842048,147,
/home/duanyuhan/dyh/motion/MotionRe/base_mobileposer/data/raw/DIP_IMU/s_07/05.pkl,s_07,lower_body,3106,3253,2.45,gt_greedy_keep_write,31.375608529091785,39.44534418842048,147,0.8424657534246576
/home/duanyuhan/dyh/motion/MotionRe/base_mobileposer/data/raw/DIP_IMU/s_07/05.pkl,s_07,lower_body,3801,3971,2.8333333333333335,write,16.55823862136736,16.48854514065559,170,
/home/duanyuhan/dyh/motion/MotionRe/base_mobileposer/data/raw/DIP_IMU/s_07/05.pkl,s_07,lower_body,3801,3971,2.8333333333333335,keep_entry,16.569689113904563,16.48854514065559,170,
/home/duanyuhan/dyh/motion/MotionRe/base_mobileposer/data/raw/DIP_IMU/s_07/05.pkl,s_07,lower_body,3801,3971,2.8333333333333335,fixed_so3_ema,16.56088348466903,16.48854514065559,170,
/home/duanyuhan/dyh/motion/MotionRe/base_mobileposer/data/raw/DIP_IMU/s_07/05.pkl,s_07,lower_body,3801,3971,2.8333333333333335,gt_greedy_keep_write,14.997465610499454,16.48854514065559,170,0.04142011834319527
/home/duanyuhan/dyh/motion/MotionRe/base_mobileposer/data/raw/DIP_IMU/s_07/05.pkl,s_07,lower_body,5658,5845,3.1166666666666667,write,34.72529650412735,37.46122123575925,187,
/home/duanyuhan/dyh/motion/MotionRe/base_mobileposer/data/raw/DIP_IMU/s_07/05.pkl,s_07,lower_body,5658,5845,3.1166666666666667,keep_entry,37.964334220537395,37.46122123575925,187,
/home/duanyuhan/dyh/motion/MotionRe/base_mobileposer/data/raw/DIP_IMU/s_07/05.pkl,s_07,lower_body,5658,5845,3.1166666666666667,fixed_so3_ema,35.16399080937293,37.46122123575925,187,
/home/duanyuhan/dyh/motion/MotionRe/base_mobileposer/data/raw/DIP_IMU/s_07/05.pkl,s_07,lower_body,5658,5845,3.1166666666666667,gt_greedy_keep_write,34.46032441769746,37.46122123575925,187,0.46774193548387094
/home/duanyuhan/dyh/motion/MotionRe/base_mobileposer/data/raw/DIP_IMU/s_08/05.pkl,s_08,trunk,5184,5324,2.3333333333333335,write,7.50949274784292,7.503060038848428,140,
/home/duanyuhan/dyh/motion/MotionRe/base_mobileposer/data/raw/DIP_IMU/s_08/05.pkl,s_08,trunk,5184,5324,2.3333333333333335,keep_entry,7.5172054003123545,7.503060038848428,140,
/home/duanyuhan/dyh/motion/MotionRe/base_mobileposer/data/raw/DIP_IMU/s_08/05.pkl,s_08,trunk,5184,5324,2.3333333333333335,fixed_so3_ema,7.510816399373843,7.503060038848428,140,
/home/duanyuhan/dyh/motion/MotionRe/base_mobileposer/data/raw/DIP_IMU/s_08/05.pkl,s_08,trunk,5184,5324,2.3333333333333335,gt_greedy_keep_write,7.502659222882861,7.503060038848428,140,0.10071942446043165
/home/duanyuhan/dyh/motion/MotionRe/base_mobileposer/data/raw/DIP_IMU/s_08/05.pkl,s_08,lower_body,5184,5324,2.3333333333333335,write,19.025569702904804,18.72496883444915,140,
/home/duanyuhan/dyh/motion/MotionRe/base_mobileposer/data/raw/DIP_IMU/s_08/05.pkl,s_08,lower_body,5184,5324,2.3333333333333335,keep_entry,18.756537367859398,18.72496883444915,140,
/home/duanyuhan/dyh/motion/MotionRe/base_mobileposer/data/raw/DIP_IMU/s_08/05.pkl,s_08,lower_body,5184,5324,2.3333333333333335,fixed_so3_ema,19.00119051493822,18.72496883444915,140,
/home/duanyuhan/dyh/motion/MotionRe/base_mobileposer/data/raw/DIP_IMU/s_08/05.pkl,s_08,lower_body,5184,5324,2.3333333333333335,gt_greedy_keep_write,18.748121846618357,18.72496883444915,140,0.007194244604316547
