source,subject_id,split,setting,primary_protocol_changed,region,start_frame,end_frame_exclusive,duration_seconds,max_speed_deg_s,annotation_status,pose_semantics
/home/duanyuhan/dyh/motion/MotionRe/base_mobileposer/data/raw/DIP_IMU/s_01/01.pkl,s_01,train,raw_10,False,lower_body,3186,3407,3.683333333333333,9.71273644452682,candidate_not_reviewed,unknown
/home/duanyuhan/dyh/motion/MotionRe/base_mobileposer/data/raw/DIP_IMU/s_01/01.pkl,s_01,train,raw_10,False,lower_body,4966,5114,2.466666666666667,9.890946501987461,candidate_not_reviewed,unknown
/home/duanyuhan/dyh/motion/MotionRe/base_mobileposer/data/raw/DIP_IMU/s_01/01.pkl,s_01,train,raw_10,False,lower_body,5641,5793,2.533333333333333,9.819313273325802,candidate_not_reviewed,unknown
/home/duanyuhan/dyh/motion/MotionRe/base_mobileposer/data/raw/DIP_IMU/s_01/01.pkl,s_01,train,raw_10,False,lower_body,7153,7323,2.8333333333333335,8.339039703719411,candidate_not_reviewed,unknown
/home/duanyuhan/dyh/motion/MotionRe/base_mobileposer/data/raw/DIP_IMU/s_01/01.pkl,s_01,train,raw_10,False,lower_body,7395,7704,5.15,9.48363540965206,candidate_not_reviewed,unknown
/home/duanyuhan/dyh/motion/MotionRe/base_mobileposer/data/raw/DIP_IMU/s_01/01.pkl,s_01,train,raw_10,False,lower_body,8643,8887,4.066666666666666,9.432704648130173,candidate_not_reviewed,unknown
/home/duanyuhan/dyh/motion/MotionRe/base_mobileposer/data/raw/DIP_IMU/s_01/01.pkl,s_01,train,raw_10,False,lower_body,8910,9057,2.45,9.821020400542148,candidate_not_reviewed,unknown
/home/duanyuhan/dyh/motion/MotionRe/base_mobileposer/data/raw/DIP_IMU/s_01/01.pkl,s_01,train,raw_10,False,lower_body,9417,9563,2.433333333333333,9.402814132062925,candidate_not_reviewed,unknown
/home/duanyuhan/dyh/motion/MotionRe/base_mobileposer/data/raw/DIP_IMU/s_01/01.pkl,s_01,train,raw_10,False,lower_body,9564,9701,2.283333333333333,9.189312190025495,candidate_not_reviewed,unknown
/home/duanyuhan/dyh/motion/MotionRe/base_mobileposer/data/raw/DIP_IMU/s_01/01.pkl,s_01,train,raw_10,False,lower_body,10538,10688,2.5,9.965654199103762,candidate_not_reviewed,unknown
/home/duanyuhan/dyh/motion/MotionRe/base_mobileposer/data/raw/DIP_IMU/s_01/01.pkl,s_01,train,raw_15,False,lower_body,258,568,5.166666666666667,14.920187211439355,candidate_not_reviewed,unknown
/home/duanyuhan/dyh/motion/MotionRe/base_mobileposer/data/raw/DIP_IMU/s_01/01.pkl,s_01,train,raw_15,False,lower_body,918,1105,3.1166666666666667,14.207966115837385,candidate_not_reviewed,unknown
/home/duanyuhan/dyh/motion/MotionRe/base_mobileposer/data/raw/DIP_IMU/s_01/01.pkl,s_01,train,raw_15,False,lower_body,1180,1380,3.3333333333333335,12.445619960825702,candidate_not_reviewed,unknown
/home/duanyuhan/dyh/motion/MotionRe/base_mobileposer/data/raw/DIP_IMU/s_01/01.pkl,s_01,train,raw_15,False,lower_body,1567,1772,3.4166666666666665,13.537626695352525,candidate_not_reviewed,unknown
/home/duanyuhan/dyh/motion/MotionRe/base_mobileposer/data/raw/DIP_IMU/s_01/01.pkl,s_01,train,raw_15,False,lower_body,2053,2243,3.1666666666666665,14.54420787285061,candidate_not_reviewed,unknown
/home/duanyuhan/dyh/motion/MotionRe/base_mobileposer/data/raw/DIP_IMU/s_01/01.pkl,s_01,train,raw_15,False,lower_body,2244,2747,8.383333333333333,14.963291023802809,candidate_not_reviewed,unknown
/home/duanyuhan/dyh/motion/MotionRe/base_mobileposer/data/raw/DIP_IMU/s_01/01.pkl,s_01,train,raw_15,False,lower_body,2748,3017,4.483333333333333,12.718867154320733,candidate_not_reviewed,unknown
/home/duanyuhan/dyh/motion/MotionRe/base_mobileposer/data/raw/DIP_IMU/s_01/01.pkl,s_01,train,raw_15,False,lower_body,3151,3587,7.266666666666667,13.527686261716234,candidate_not_reviewed,unknown
/home/duanyuhan/dyh/motion/MotionRe/base_mobileposer/data/raw/DIP_IMU/s_01/01.pkl,s_01,train,raw_15,False,lower_body,3611,4034,7.05,14.245898152972176,candidate_not_reviewed,unknown
/home/duanyuhan/dyh/motion/MotionRe/base_mobileposer/data/raw/DIP_IMU/s_01/01.pkl,s_01,train,raw_15,False,lower_body,4144,4301,2.6166666666666667,14.797321312392933,candidate_not_reviewed,unknown
/home/duanyuhan/dyh/motion/MotionRe/base_mobileposer/data/raw/DIP_IMU/s_01/01.pkl,s_01,train,raw_15,False,lower_body,4302,4460,2.6333333333333333,10.499453804320868,candidate_not_reviewed,unknown
/home/duanyuhan/dyh/motion/MotionRe/base_mobileposer/data/raw/DIP_IMU/s_01/01.pkl,s_01,train,raw_15,False,lower_body,4771,5151,6.333333333333333,14.895260569853656,candidate_not_reviewed,unknown
/home/duanyuhan/dyh/motion/MotionRe/base_mobileposer/data/raw/DIP_IMU/s_01/01.pkl,s_01,train,raw_15,False,lower_body,5244,5470,3.7666666666666666,11.391956472740583,candidate_not_reviewed,unknown
/home/duanyuhan/dyh/motion/MotionRe/base_mobileposer/data/raw/DIP_IMU/s_01/01.pkl,s_01,train,raw_15,False,lower_body,5471,6130,10.983333333333333,14.8179711282989,candidate_not_reviewed,unknown
/home/duanyuhan/dyh/motion/MotionRe/base_mobileposer/data/raw/DIP_IMU/s_01/01.pkl,s_01,train,raw_15,False,lower_body,6170,6446,4.6,14.541710429964539,candidate_not_reviewed,unknown
/home/duanyuhan/dyh/motion/MotionRe/base_mobileposer/data/raw/DIP_IMU/s_01/01.pkl,s_01,train,raw_15,False,lower_body,6450,6604,2.566666666666667,13.968441591240543,candidate_not_reviewed,unknown
/home/duanyuhan/dyh/motion/MotionRe/base_mobileposer/data/raw/DIP_IMU/s_01/01.pkl,s_01,train,raw_15,False,lower_body,6605,6823,3.6333333333333333,14.964271979683687,candidate_not_reviewed,unknown
/home/duanyuhan/dyh/motion/MotionRe/base_mobileposer/data/raw/DIP_IMU/s_01/01.pkl,s_01,train,raw_15,False,lower_body,7153,7725,9.533333333333333,11.131288764064356,candidate_not_reviewed,unknown
/home/duanyuhan/dyh/motion/MotionRe/base_mobileposer/data/raw/DIP_IMU/s_01/01.pkl,s_01,train,raw_15,False,lower_body,7980,8198,3.6333333333333333,14.598247596656554,candidate_not_reviewed,unknown
/home/duanyuhan/dyh/motion/MotionRe/base_mobileposer/data/raw/DIP_IMU/s_01/01.pkl,s_01,train,raw_15,False,lower_body,8643,8887,4.066666666666666,9.432704648130173,candidate_not_reviewed,unknown
/home/duanyuhan/dyh/motion/MotionRe/base_mobileposer/data/raw/DIP_IMU/s_01/01.pkl,s_01,train,raw_15,False,lower_body,8888,9171,4.716666666666667,12.293980872879946,candidate_not_reviewed,unknown
/home/duanyuhan/dyh/motion/MotionRe/base_mobileposer/data/raw/DIP_IMU/s_01/01.pkl,s_01,train,raw_15,False,lower_body,9172,9302,2.1666666666666665,11.551183570703627,candidate_not_reviewed,unknown
/home/duanyuhan/dyh/motion/MotionRe/base_mobileposer/data/raw/DIP_IMU/s_01/01.pkl,s_01,train,raw_15,False,lower_body,9303,9563,4.333333333333333,11.421951559204027,candidate_not_reviewed,unknown
/home/duanyuhan/dyh/motion/MotionRe/base_mobileposer/data/raw/DIP_IMU/s_01/01.pkl,s_01,train,raw_15,False,lower_body,9564,9758,3.2333333333333334,14.395812105633938,candidate_not_reviewed,unknown
/home/duanyuhan/dyh/motion/MotionRe/base_mobileposer/data/raw/DIP_IMU/s_01/01.pkl,s_01,train,raw_15,False,lower_body,9791,10052,4.35,13.587506500024421,candidate_not_reviewed,unknown
/home/duanyuhan/dyh/motion/MotionRe/base_mobileposer/data/raw/DIP_IMU/s_01/01.pkl,s_01,train,raw_15,False,lower_body,10204,10376,2.8666666666666667,14.9238367535486,candidate_not_reviewed,unknown
/home/duanyuhan/dyh/motion/MotionRe/base_mobileposer/data/raw/DIP_IMU/s_01/01.pkl,s_01,train,raw_15,False,lower_body,10377,10708,5.516666666666667,13.748896095168782,candidate_not_reviewed,unknown
/home/duanyuhan/dyh/motion/MotionRe/base_mobileposer/data/raw/DIP_IMU/s_01/01.pkl,s_01,train,reference_smoothed_1s_5,False,trunk,1,173,2.8666666666666667,4.4093163043262695,candidate_not_reviewed,unknown
/home/duanyuhan/dyh/motion/MotionRe/base_mobileposer/data/raw/DIP_IMU/s_01/01.pkl,s_01,train,reference_smoothed_1s_5,False,trunk,2232,2358,2.1,4.9819596498855905,candidate_not_reviewed,unknown
/home/duanyuhan/dyh/motion/MotionRe/base_mobileposer/data/raw/DIP_IMU/s_01/01.pkl,s_01,train,reference_smoothed_1s_5,False,trunk,8241,8414,2.8833333333333333,4.9381451029229,candidate_not_reviewed,unknown
/home/duanyuhan/dyh/motion/MotionRe/base_mobileposer/data/raw/DIP_IMU/s_01/01.pkl,s_01,train,reference_smoothed_1s_5,False,lower_body,276,568,4.866666666666666,4.971872913134415,candidate_not_reviewed,unknown
/home/duanyuhan/dyh/motion/MotionRe/base_mobileposer/data/raw/DIP_IMU/s_01/01.pkl,s_01,train,reference_smoothed_1s_5,False,lower_body,850,1179,5.483333333333333,2.9520076706944014,candidate_not_reviewed,unknown
/home/duanyuhan/dyh/motion/MotionRe/base_mobileposer/data/raw/DIP_IMU/s_01/01.pkl,s_01,train,reference_smoothed_1s_5,False,lower_body,1180,1474,4.9,3.05307348033383,candidate_not_reviewed,unknown
/home/duanyuhan/dyh/motion/MotionRe/base_mobileposer/data/raw/DIP_IMU/s_01/01.pkl,s_01,train,reference_smoothed_1s_5,False,lower_body,1475,1996,8.683333333333334,3.351900256296879,candidate_not_reviewed,unknown
/home/duanyuhan/dyh/motion/MotionRe/base_mobileposer/data/raw/DIP_IMU/s_01/01.pkl,s_01,train,reference_smoothed_1s_5,False,lower_body,2053,2747,11.566666666666666,3.137244490374872,candidate_not_reviewed,unknown
/home/duanyuhan/dyh/motion/MotionRe/base_mobileposer/data/raw/DIP_IMU/s_01/01.pkl,s_01,train,reference_smoothed_1s_5,False,lower_body,2748,3017,4.483333333333333,2.578969725836049,candidate_not_reviewed,unknown
/home/duanyuhan/dyh/motion/MotionRe/base_mobileposer/data/raw/DIP_IMU/s_01/01.pkl,s_01,train,reference_smoothed_1s_5,False,lower_body,3056,3587,8.85,3.869655427292797,candidate_not_reviewed,unknown
/home/duanyuhan/dyh/motion/MotionRe/base_mobileposer/data/raw/DIP_IMU/s_01/01.pkl,s_01,train,reference_smoothed_1s_5,False,lower_body,3588,4301,11.883333333333333,4.705370420535345,candidate_not_reviewed,unknown
/home/duanyuhan/dyh/motion/MotionRe/base_mobileposer/data/raw/DIP_IMU/s_01/01.pkl,s_01,train,reference_smoothed_1s_5,False,lower_body,4302,4460,2.6333333333333333,4.431299895392361,candidate_not_reviewed,unknown
/home/duanyuhan/dyh/motion/MotionRe/base_mobileposer/data/raw/DIP_IMU/s_01/01.pkl,s_01,train,reference_smoothed_1s_5,False,lower_body,4771,5243,7.866666666666666,4.202209991357364,candidate_not_reviewed,unknown
/home/duanyuhan/dyh/motion/MotionRe/base_mobileposer/data/raw/DIP_IMU/s_01/01.pkl,s_01,train,reference_smoothed_1s_5,False,lower_body,5244,5470,3.7666666666666666,2.890316721611865,candidate_not_reviewed,unknown
/home/duanyuhan/dyh/motion/MotionRe/base_mobileposer/data/raw/DIP_IMU/s_01/01.pkl,s_01,train,reference_smoothed_1s_5,False,lower_body,5471,6910,23.983333333333334,3.9901089518427915,candidate_not_reviewed,unknown
/home/duanyuhan/dyh/motion/MotionRe/base_mobileposer/data/raw/DIP_IMU/s_01/01.pkl,s_01,train,reference_smoothed_1s_5,False,lower_body,6922,7051,2.15,3.129940125733242,candidate_not_reviewed,unknown
/home/duanyuhan/dyh/motion/MotionRe/base_mobileposer/data/raw/DIP_IMU/s_01/01.pkl,s_01,train,reference_smoothed_1s_5,False,lower_body,7153,7725,9.533333333333333,2.8711566151414085,candidate_not_reviewed,unknown
/home/duanyuhan/dyh/motion/MotionRe/base_mobileposer/data/raw/DIP_IMU/s_01/01.pkl,s_01,train,reference_smoothed_1s_5,False,lower_body,7726,7975,4.15,3.1450322554134735,candidate_not_reviewed,unknown
/home/duanyuhan/dyh/motion/MotionRe/base_mobileposer/data/raw/DIP_IMU/s_01/01.pkl,s_01,train,reference_smoothed_1s_5,False,lower_body,7980,8175,3.25,4.956699025825809,candidate_not_reviewed,unknown
/home/duanyuhan/dyh/motion/MotionRe/base_mobileposer/data/raw/DIP_IMU/s_01/01.pkl,s_01,train,reference_smoothed_1s_5,False,lower_body,8643,8887,4.066666666666666,1.5706609845626809,candidate_not_reviewed,unknown
/home/duanyuhan/dyh/motion/MotionRe/base_mobileposer/data/raw/DIP_IMU/s_01/01.pkl,s_01,train,reference_smoothed_1s_5,False,lower_body,8888,9171,4.716666666666667,1.6504696061788064,candidate_not_reviewed,unknown
/home/duanyuhan/dyh/motion/MotionRe/base_mobileposer/data/raw/DIP_IMU/s_01/01.pkl,s_01,train,reference_smoothed_1s_5,False,lower_body,9172,9302,2.1666666666666665,1.765198555078835,candidate_not_reviewed,unknown
/home/duanyuhan/dyh/motion/MotionRe/base_mobileposer/data/raw/DIP_IMU/s_01/01.pkl,s_01,train,reference_smoothed_1s_5,False,lower_body,9303,9563,4.333333333333333,1.5151426755457325,candidate_not_reviewed,unknown
/home/duanyuhan/dyh/motion/MotionRe/base_mobileposer/data/raw/DIP_IMU/s_01/01.pkl,s_01,train,reference_smoothed_1s_5,False,lower_body,9564,9758,3.2333333333333334,1.9462853664050648,candidate_not_reviewed,unknown
/home/duanyuhan/dyh/motion/MotionRe/base_mobileposer/data/raw/DIP_IMU/s_01/01.pkl,s_01,train,reference_smoothed_1s_5,False,lower_body,9791,10052,4.35,2.692541283604333,candidate_not_reviewed,unknown
/home/duanyuhan/dyh/motion/MotionRe/base_mobileposer/data/raw/DIP_IMU/s_01/01.pkl,s_01,train,reference_smoothed_1s_5,False,lower_body,10053,10203,2.5,2.6198567052962294,candidate_not_reviewed,unknown
/home/duanyuhan/dyh/motion/MotionRe/base_mobileposer/data/raw/DIP_IMU/s_01/01.pkl,s_01,train,reference_smoothed_1s_5,False,lower_body,10204,10376,2.8666666666666667,2.604390816896326,candidate_not_reviewed,unknown
/home/duanyuhan/dyh/motion/MotionRe/base_mobileposer/data/raw/DIP_IMU/s_01/01.pkl,s_01,train,reference_smoothed_1s_5,False,lower_body,10377,10845,7.8,2.8685605616105576,candidate_not_reviewed,unknown
/home/duanyuhan/dyh/motion/MotionRe/base_mobileposer/data/raw/DIP_IMU/s_01/01.pkl,s_01,train,reference_smoothed_1s_5,False,lower_body,11189,11470,4.683333333333334,4.9898412181357825,candidate_not_reviewed,unknown
/home/duanyuhan/dyh/motion/MotionRe/base_mobileposer/data/raw/DIP_IMU/s_01/01.pkl,s_01,train,reference_smoothed_1s_5,False,lower_body,11535,11782,4.116666666666666,4.984488101584394,candidate_not_reviewed,unknown
/home/duanyuhan/dyh/motion/MotionRe/base_mobileposer/data/raw/DIP_IMU/s_01/01.pkl,s_01,train,reference_smoothed_1s_5,False,lower_body,11952,12110,2.6333333333333333,4.98755950748496,candidate_not_reviewed,unknown
/home/duanyuhan/dyh/motion/MotionRe/base_mobileposer/data/raw/DIP_IMU/s_01/01.pkl,s_01,train,reference_smoothed_1s_5,False,lower_body,12289,12645,5.933333333333334,4.961277126245596,candidate_not_reviewed,unknown
/home/duanyuhan/dyh/motion/MotionRe/base_mobileposer/data/raw/DIP_IMU/s_01/01.pkl,s_01,train,reference_smoothed_1s_5,False,lower_body,12648,12821,2.8833333333333333,4.966317263290454,candidate_not_reviewed,unknown
/home/duanyuhan/dyh/motion/MotionRe/base_mobileposer/data/raw/DIP_IMU/s_01/05.pkl,s_01,train,raw_5,False,lower_body,590,727,2.283333333333333,4.64133470763746,candidate_not_reviewed,unknown
/home/duanyuhan/dyh/motion/MotionRe/base_mobileposer/data/raw/DIP_IMU/s_01/05.pkl,s_01,train,raw_5,False,lower_body,1367,1531,2.7333333333333334,4.938472975933593,candidate_not_reviewed,unknown
/home/duanyuhan/dyh/motion/MotionRe/base_mobileposer/data/raw/DIP_IMU/s_01/05.pkl,s_01,train,raw_5,False,lower_body,1908,2040,2.2,4.968524225583089,candidate_not_reviewed,unknown
/home/duanyuhan/dyh/motion/MotionRe/base_mobileposer/data/raw/DIP_IMU/s_01/05.pkl,s_01,train,raw_5,False,lower_body,2394,2524,2.1666666666666665,4.179533126561823,candidate_not_reviewed,unknown
/home/duanyuhan/dyh/motion/MotionRe/base_mobileposer/data/raw/DIP_IMU/s_01/05.pkl,s_01,train,raw_10,False,trunk,526,727,3.35,9.687425544479147,candidate_not_reviewed,unknown
/home/duanyuhan/dyh/motion/MotionRe/base_mobileposer/data/raw/DIP_IMU/s_01/05.pkl,s_01,train,raw_10,False,trunk,1346,1482,2.2666666666666666,9.719295707684278,candidate_not_reviewed,unknown
/home/duanyuhan/dyh/motion/MotionRe/base_mobileposer/data/raw/DIP_IMU/s_01/05.pkl,s_01,train,raw_10,False,trunk,1901,2036,2.25,8.177332542434243,candidate_not_reviewed,unknown
/home/duanyuhan/dyh/motion/MotionRe/base_mobileposer/data/raw/DIP_IMU/s_01/05.pkl,s_01,train,raw_10,False,trunk,2349,2527,2.966666666666667,9.907884443175488,candidate_not_reviewed,unknown
/home/duanyuhan/dyh/motion/MotionRe/base_mobileposer/data/raw/DIP_IMU/s_01/05.pkl,s_01,train,raw_10,False,trunk,3204,3329,2.0833333333333335,8.415856956530842,candidate_not_reviewed,unknown
/home/duanyuhan/dyh/motion/MotionRe/base_mobileposer/data/raw/DIP_IMU/s_01/05.pkl,s_01,train,raw_10,False,trunk,4501,4765,4.4,9.198601461479216,candidate_not_reviewed,unknown
/home/duanyuhan/dyh/motion/MotionRe/base_mobileposer/data/raw/DIP_IMU/s_01/05.pkl,s_01,train,raw_10,False,trunk,4766,4922,2.6,8.494101433337574,candidate_not_reviewed,unknown
/home/duanyuhan/dyh/motion/MotionRe/base_mobileposer/data/raw/DIP_IMU/s_01/05.pkl,s_01,train,raw_10,False,trunk,4983,5159,2.933333333333333,8.300256088308814,candidate_not_reviewed,unknown
/home/duanyuhan/dyh/motion/MotionRe/base_mobileposer/data/raw/DIP_IMU/s_01/05.pkl,s_01,train,raw_10,False,lower_body,13,148,2.25,9.662389621874695,candidate_not_reviewed,unknown
/home/duanyuhan/dyh/motion/MotionRe/base_mobileposer/data/raw/DIP_IMU/s_01/05.pkl,s_01,train,raw_10,False,lower_body,513,727,3.566666666666667,9.977999411914025,candidate_not_reviewed,unknown
/home/duanyuhan/dyh/motion/MotionRe/base_mobileposer/data/raw/DIP_IMU/s_01/05.pkl,s_01,train,raw_10,False,lower_body,1053,1219,2.7666666666666666,9.655373539699369,candidate_not_reviewed,unknown
/home/duanyuhan/dyh/motion/MotionRe/base_mobileposer/data/raw/DIP_IMU/s_01/05.pkl,s_01,train,raw_10,False,lower_body,1343,1584,4.016666666666667,6.434734597635307,candidate_not_reviewed,unknown
/home/duanyuhan/dyh/motion/MotionRe/base_mobileposer/data/raw/DIP_IMU/s_01/05.pkl,s_01,train,raw_10,False,lower_body,1901,2098,3.283333333333333,8.492802465154393,candidate_not_reviewed,unknown
/home/duanyuhan/dyh/motion/MotionRe/base_mobileposer/data/raw/DIP_IMU/s_01/05.pkl,s_01,train,raw_10,False,lower_body,2228,2538,5.166666666666667,9.797014168514846,candidate_not_reviewed,unknown
/home/duanyuhan/dyh/motion/MotionRe/base_mobileposer/data/raw/DIP_IMU/s_01/05.pkl,s_01,train,raw_10,False,lower_body,2841,3023,3.033333333333333,9.757190080133677,candidate_not_reviewed,unknown
/home/duanyuhan/dyh/motion/MotionRe/base_mobileposer/data/raw/DIP_IMU/s_01/05.pkl,s_01,train,raw_10,False,lower_body,3027,3310,4.716666666666667,9.802853005889574,candidate_not_reviewed,unknown
/home/duanyuhan/dyh/motion/MotionRe/base_mobileposer/data/raw/DIP_IMU/s_01/05.pkl,s_01,train,raw_10,False,lower_body,3731,4332,10.016666666666667,9.903431551036581,candidate_not_reviewed,unknown
/home/duanyuhan/dyh/motion/MotionRe/base_mobileposer/data/raw/DIP_IMU/s_01/05.pkl,s_01,train,raw_10,False,lower_body,4554,4975,7.016666666666667,9.218633464491566,candidate_not_reviewed,unknown
/home/duanyuhan/dyh/motion/MotionRe/base_mobileposer/data/raw/DIP_IMU/s_01/05.pkl,s_01,train,raw_10,False,lower_body,4978,5164,3.1,8.173801884025545,candidate_not_reviewed,unknown
/home/duanyuhan/dyh/motion/MotionRe/base_mobileposer/data/raw/DIP_IMU/s_01/05.pkl,s_01,train,raw_15,False,trunk,15,145,2.1666666666666665,14.811945573575114,candidate_not_reviewed,unknown
/home/duanyuhan/dyh/motion/MotionRe/base_mobileposer/data/raw/DIP_IMU/s_01/05.pkl,s_01,train,raw_15,False,trunk,492,727,3.9166666666666665,13.455507369157326,candidate_not_reviewed,unknown
/home/duanyuhan/dyh/motion/MotionRe/base_mobileposer/data/raw/DIP_IMU/s_01/05.pkl,s_01,train,raw_15,False,trunk,782,979,3.283333333333333,13.528216813035812,candidate_not_reviewed,unknown
/home/duanyuhan/dyh/motion/MotionRe/base_mobileposer/data/raw/DIP_IMU/s_01/05.pkl,s_01,train,raw_15,False,trunk,1057,1231,2.9,14.827082334664565,candidate_not_reviewed,unknown
/home/duanyuhan/dyh/motion/MotionRe/base_mobileposer/data/raw/DIP_IMU/s_01/05.pkl,s_01,train,raw_15,False,trunk,1343,1584,4.016666666666667,11.936195314615063,candidate_not_reviewed,unknown
/home/duanyuhan/dyh/motion/MotionRe/base_mobileposer/data/raw/DIP_IMU/s_01/05.pkl,s_01,train,raw_15,False,trunk,1689,1811,2.033333333333333,14.855282943673076,candidate_not_reviewed,unknown
/home/duanyuhan/dyh/motion/MotionRe/base_mobileposer/data/raw/DIP_IMU/s_01/05.pkl,s_01,train,raw_15,False,trunk,1901,2227,5.433333333333334,14.206386715903319,candidate_not_reviewed,unknown
/home/duanyuhan/dyh/motion/MotionRe/base_mobileposer/data/raw/DIP_IMU/s_01/05.pkl,s_01,train,raw_15,False,trunk,2228,2556,5.466666666666667,14.238624591143662,candidate_not_reviewed,unknown
/home/duanyuhan/dyh/motion/MotionRe/base_mobileposer/data/raw/DIP_IMU/s_01/05.pkl,s_01,train,raw_15,False,trunk,2831,3032,3.35,14.954061802602544,candidate_not_reviewed,unknown
/home/duanyuhan/dyh/motion/MotionRe/base_mobileposer/data/raw/DIP_IMU/s_01/05.pkl,s_01,train,raw_15,False,trunk,3125,3359,3.9,12.99169500302564,candidate_not_reviewed,unknown
/home/duanyuhan/dyh/motion/MotionRe/base_mobileposer/data/raw/DIP_IMU/s_01/05.pkl,s_01,train,raw_15,False,trunk,3668,3817,2.4833333333333334,12.61812401635362,candidate_not_reviewed,unknown
/home/duanyuhan/dyh/motion/MotionRe/base_mobileposer/data/raw/DIP_IMU/s_01/05.pkl,s_01,train,raw_15,False,trunk,3836,4179,5.716666666666667,13.757003081565022,candidate_not_reviewed,unknown
/home/duanyuhan/dyh/motion/MotionRe/base_mobileposer/data/raw/DIP_IMU/s_01/05.pkl,s_01,train,raw_15,False,trunk,4465,5246,13.016666666666667,14.57435730206198,candidate_not_reviewed,unknown
/home/duanyuhan/dyh/motion/MotionRe/base_mobileposer/data/raw/DIP_IMU/s_01/05.pkl,s_01,train,raw_15,False,lower_body,10,150,2.3333333333333335,14.783062430163556,candidate_not_reviewed,unknown
/home/duanyuhan/dyh/motion/MotionRe/base_mobileposer/data/raw/DIP_IMU/s_01/05.pkl,s_01,train,raw_15,False,lower_body,496,727,3.85,13.513569077343613,candidate_not_reviewed,unknown
/home/duanyuhan/dyh/motion/MotionRe/base_mobileposer/data/raw/DIP_IMU/s_01/05.pkl,s_01,train,raw_15,False,lower_body,782,979,3.283333333333333,13.062204343957207,candidate_not_reviewed,unknown
/home/duanyuhan/dyh/motion/MotionRe/base_mobileposer/data/raw/DIP_IMU/s_01/05.pkl,s_01,train,raw_15,False,lower_body,980,1232,4.2,14.972177645756874,candidate_not_reviewed,unknown
/home/duanyuhan/dyh/motion/MotionRe/base_mobileposer/data/raw/DIP_IMU/s_01/05.pkl,s_01,train,raw_15,False,lower_body,1343,1584,4.016666666666667,6.434734597635307,candidate_not_reviewed,unknown
/home/duanyuhan/dyh/motion/MotionRe/base_mobileposer/data/raw/DIP_IMU/s_01/05.pkl,s_01,train,raw_15,False,lower_body,1602,1811,3.4833333333333334,13.687100014052604,candidate_not_reviewed,unknown
/home/duanyuhan/dyh/motion/MotionRe/base_mobileposer/data/raw/DIP_IMU/s_01/05.pkl,s_01,train,raw_15,False,lower_body,1901,2100,3.316666666666667,14.875943929191202,candidate_not_reviewed,unknown
/home/duanyuhan/dyh/motion/MotionRe/base_mobileposer/data/raw/DIP_IMU/s_01/05.pkl,s_01,train,raw_15,False,lower_body,2228,2556,5.466666666666667,14.330767188940028,candidate_not_reviewed,unknown
/home/duanyuhan/dyh/motion/MotionRe/base_mobileposer/data/raw/DIP_IMU/s_01/05.pkl,s_01,train,raw_15,False,lower_body,2624,3390,12.766666666666667,14.75553141029509,candidate_not_reviewed,unknown
/home/duanyuhan/dyh/motion/MotionRe/base_mobileposer/data/raw/DIP_IMU/s_01/05.pkl,s_01,train,raw_15,False,lower_body,3393,3728,5.583333333333333,14.73029499356027,candidate_not_reviewed,unknown
/home/duanyuhan/dyh/motion/MotionRe/base_mobileposer/data/raw/DIP_IMU/s_01/05.pkl,s_01,train,raw_15,False,lower_body,3730,4333,10.05,14.22047290309,candidate_not_reviewed,unknown
/home/duanyuhan/dyh/motion/MotionRe/base_mobileposer/data/raw/DIP_IMU/s_01/05.pkl,s_01,train,raw_15,False,lower_body,4478,5242,12.733333333333333,14.795878784296043,candidate_not_reviewed,unknown
/home/duanyuhan/dyh/motion/MotionRe/base_mobileposer/data/raw/DIP_IMU/s_01/05.pkl,s_01,train,reference_smoothed_1s_5,False,trunk,1,134,2.216666666666667,4.628052970100634,candidate_not_reviewed,unknown
/home/duanyuhan/dyh/motion/MotionRe/base_mobileposer/data/raw/DIP_IMU/s_01/05.pkl,s_01,train,reference_smoothed_1s_5,False,trunk,464,727,4.383333333333334,3.9383145737036913,candidate_not_reviewed,unknown
/home/duanyuhan/dyh/motion/MotionRe/base_mobileposer/data/raw/DIP_IMU/s_01/05.pkl,s_01,train,reference_smoothed_1s_5,False,trunk,782,979,3.283333333333333,3.289171242107498,candidate_not_reviewed,unknown
/home/duanyuhan/dyh/motion/MotionRe/base_mobileposer/data/raw/DIP_IMU/s_01/05.pkl,s_01,train,reference_smoothed_1s_5,False,trunk,980,1342,6.033333333333333,4.58272618531244,candidate_not_reviewed,unknown
/home/duanyuhan/dyh/motion/MotionRe/base_mobileposer/data/raw/DIP_IMU/s_01/05.pkl,s_01,train,reference_smoothed_1s_5,False,trunk,1343,1584,4.016666666666667,4.115947282593356,candidate_not_reviewed,unknown
/home/duanyuhan/dyh/motion/MotionRe/base_mobileposer/data/raw/DIP_IMU/s_01/05.pkl,s_01,train,reference_smoothed_1s_5,False,trunk,1713,1849,2.2666666666666666,4.910332301638639,candidate_not_reviewed,unknown
/home/duanyuhan/dyh/motion/MotionRe/base_mobileposer/data/raw/DIP_IMU/s_01/05.pkl,s_01,train,reference_smoothed_1s_5,False,trunk,1901,2227,5.433333333333334,3.987316389025406,candidate_not_reviewed,unknown
/home/duanyuhan/dyh/motion/MotionRe/base_mobileposer/data/raw/DIP_IMU/s_01/05.pkl,s_01,train,reference_smoothed_1s_5,False,trunk,2228,2803,9.583333333333334,4.974936740233932,candidate_not_reviewed,unknown
/home/duanyuhan/dyh/motion/MotionRe/base_mobileposer/data/raw/DIP_IMU/s_01/05.pkl,s_01,train,reference_smoothed_1s_5,False,trunk,2836,2988,2.533333333333333,4.983547180261152,candidate_not_reviewed,unknown
/home/duanyuhan/dyh/motion/MotionRe/base_mobileposer/data/raw/DIP_IMU/s_01/05.pkl,s_01,train,reference_smoothed_1s_5,False,trunk,3041,3588,9.116666666666667,4.972298293067296,candidate_not_reviewed,unknown
/home/duanyuhan/dyh/motion/MotionRe/base_mobileposer/data/raw/DIP_IMU/s_01/05.pkl,s_01,train,reference_smoothed_1s_5,False,trunk,3641,4350,11.816666666666666,4.952273922471751,candidate_not_reviewed,unknown
/home/duanyuhan/dyh/motion/MotionRe/base_mobileposer/data/raw/DIP_IMU/s_01/05.pkl,s_01,train,reference_smoothed_1s_5,False,trunk,4351,5264,15.216666666666667,4.882548952471209,candidate_not_reviewed,unknown
/home/duanyuhan/dyh/motion/MotionRe/base_mobileposer/data/raw/DIP_IMU/s_01/05.pkl,s_01,train,reference_smoothed_1s_5,False,lower_body,1,135,2.2333333333333334,4.423929202563965,candidate_not_reviewed,unknown
/home/duanyuhan/dyh/motion/MotionRe/base_mobileposer/data/raw/DIP_IMU/s_01/05.pkl,s_01,train,reference_smoothed_1s_5,False,lower_body,492,727,3.9166666666666665,4.88333304439329,candidate_not_reviewed,unknown
/home/duanyuhan/dyh/motion/MotionRe/base_mobileposer/data/raw/DIP_IMU/s_01/05.pkl,s_01,train,reference_smoothed_1s_5,False,lower_body,782,979,3.283333333333333,2.4303709392165,candidate_not_reviewed,unknown
/home/duanyuhan/dyh/motion/MotionRe/base_mobileposer/data/raw/DIP_IMU/s_01/05.pkl,s_01,train,reference_smoothed_1s_5,False,lower_body,980,1342,6.033333333333333,4.570076976255825,candidate_not_reviewed,unknown
/home/duanyuhan/dyh/motion/MotionRe/base_mobileposer/data/raw/DIP_IMU/s_01/05.pkl,s_01,train,reference_smoothed_1s_5,False,lower_body,1343,1584,4.016666666666667,1.8991941407365696,candidate_not_reviewed,unknown
/home/duanyuhan/dyh/motion/MotionRe/base_mobileposer/data/raw/DIP_IMU/s_01/05.pkl,s_01,train,reference_smoothed_1s_5,False,lower_body,1642,1849,3.45,4.940311056511513,candidate_not_reviewed,unknown
/home/duanyuhan/dyh/motion/MotionRe/base_mobileposer/data/raw/DIP_IMU/s_01/05.pkl,s_01,train,reference_smoothed_1s_5,False,lower_body,1901,2227,5.433333333333334,2.7225844555397005,candidate_not_reviewed,unknown
/home/duanyuhan/dyh/motion/MotionRe/base_mobileposer/data/raw/DIP_IMU/s_01/05.pkl,s_01,train,reference_smoothed_1s_5,False,lower_body,2228,2529,5.016666666666667,4.904316620088978,candidate_not_reviewed,unknown
/home/duanyuhan/dyh/motion/MotionRe/base_mobileposer/data/raw/DIP_IMU/s_01/05.pkl,s_01,train,reference_smoothed_1s_5,False,lower_body,2583,2783,3.3333333333333335,4.986003759721051,candidate_not_reviewed,unknown
/home/duanyuhan/dyh/motion/MotionRe/base_mobileposer/data/raw/DIP_IMU/s_01/05.pkl,s_01,train,reference_smoothed_1s_5,False,lower_body,2834,4318,24.733333333333334,4.887076524911378,candidate_not_reviewed,unknown
/home/duanyuhan/dyh/motion/MotionRe/base_mobileposer/data/raw/DIP_IMU/s_01/05.pkl,s_01,train,reference_smoothed_1s_5,False,lower_body,4496,5236,12.333333333333334,4.91550202960921,candidate_not_reviewed,unknown
/home/duanyuhan/dyh/motion/MotionRe/base_mobileposer/data/raw/DIP_IMU/s_02/01.pkl,s_02,train,raw_10,False,trunk,8982,9114,2.2,8.2993900624066,candidate_not_reviewed,unknown
/home/duanyuhan/dyh/motion/MotionRe/base_mobileposer/data/raw/DIP_IMU/s_02/01.pkl,s_02,train,raw_10,False,lower_body,3623,3766,2.3833333333333333,9.867625810845535,candidate_not_reviewed,unknown
/home/duanyuhan/dyh/motion/MotionRe/base_mobileposer/data/raw/DIP_IMU/s_02/01.pkl,s_02,train,raw_10,False,lower_body,3768,4188,7.0,9.963654587473776,candidate_not_reviewed,unknown
/home/duanyuhan/dyh/motion/MotionRe/base_mobileposer/data/raw/DIP_IMU/s_02/01.pkl,s_02,train,raw_10,False,lower_body,4231,4506,4.583333333333333,9.741854358772999,candidate_not_reviewed,unknown
/home/duanyuhan/dyh/motion/MotionRe/base_mobileposer/data/raw/DIP_IMU/s_02/01.pkl,s_02,train,raw_10,False,lower_body,6753,6894,2.35,9.39585992085902,candidate_not_reviewed,unknown
/home/duanyuhan/dyh/motion/MotionRe/base_mobileposer/data/raw/DIP_IMU/s_02/01.pkl,s_02,train,raw_10,False,lower_body,7266,7546,4.666666666666667,9.79797357798382,candidate_not_reviewed,unknown
/home/duanyuhan/dyh/motion/MotionRe/base_mobileposer/data/raw/DIP_IMU/s_02/01.pkl,s_02,train,raw_10,False,lower_body,7548,7778,3.8333333333333335,9.620033966495855,candidate_not_reviewed,unknown
/home/duanyuhan/dyh/motion/MotionRe/base_mobileposer/data/raw/DIP_IMU/s_02/01.pkl,s_02,train,raw_10,False,lower_body,7779,7969,3.1666666666666665,9.968605286774444,candidate_not_reviewed,unknown
/home/duanyuhan/dyh/motion/MotionRe/base_mobileposer/data/raw/DIP_IMU/s_02/01.pkl,s_02,train,raw_10,False,lower_body,7972,8462,8.166666666666666,9.845231685201398,candidate_not_reviewed,unknown
/home/duanyuhan/dyh/motion/MotionRe/base_mobileposer/data/raw/DIP_IMU/s_02/01.pkl,s_02,train,raw_10,False,lower_body,8622,8876,4.233333333333333,9.974831845716098,candidate_not_reviewed,unknown
/home/duanyuhan/dyh/motion/MotionRe/base_mobileposer/data/raw/DIP_IMU/s_02/01.pkl,s_02,train,raw_10,False,lower_body,8973,9114,2.35,8.759557436959474,candidate_not_reviewed,unknown
/home/duanyuhan/dyh/motion/MotionRe/base_mobileposer/data/raw/DIP_IMU/s_02/01.pkl,s_02,train,raw_15,False,trunk,8982,9114,2.2,8.2993900624066,candidate_not_reviewed,unknown
/home/duanyuhan/dyh/motion/MotionRe/base_mobileposer/data/raw/DIP_IMU/s_02/01.pkl,s_02,train,raw_15,False,lower_body,3611,4509,14.966666666666667,14.603476360422292,candidate_not_reviewed,unknown
/home/duanyuhan/dyh/motion/MotionRe/base_mobileposer/data/raw/DIP_IMU/s_02/01.pkl,s_02,train,raw_15,False,lower_body,6752,6896,2.4,13.312490440609773,candidate_not_reviewed,unknown
/home/duanyuhan/dyh/motion/MotionRe/base_mobileposer/data/raw/DIP_IMU/s_02/01.pkl,s_02,train,raw_15,False,lower_body,6900,8462,26.033333333333335,14.843967612774613,candidate_not_reviewed,unknown
/home/duanyuhan/dyh/motion/MotionRe/base_mobileposer/data/raw/DIP_IMU/s_02/01.pkl,s_02,train,raw_15,False,lower_body,8532,8879,5.783333333333333,14.78050528516482,candidate_not_reviewed,unknown
/home/duanyuhan/dyh/motion/MotionRe/base_mobileposer/data/raw/DIP_IMU/s_02/01.pkl,s_02,train,raw_15,False,lower_body,8961,9114,2.55,14.718785309111299,candidate_not_reviewed,unknown
/home/duanyuhan/dyh/motion/MotionRe/base_mobileposer/data/raw/DIP_IMU/s_02/01.pkl,s_02,train,reference_smoothed_1s_5,False,trunk,2000,2188,3.1333333333333333,4.8741075995694265,candidate_not_reviewed,unknown
/home/duanyuhan/dyh/motion/MotionRe/base_mobileposer/data/raw/DIP_IMU/s_02/01.pkl,s_02,train,reference_smoothed_1s_5,False,trunk,7985,8462,7.95,4.931162042669922,candidate_not_reviewed,unknown
/home/duanyuhan/dyh/motion/MotionRe/base_mobileposer/data/raw/DIP_IMU/s_02/01.pkl,s_02,train,reference_smoothed_1s_5,False,trunk,8532,8837,5.083333333333333,4.926645830216654,candidate_not_reviewed,unknown
/home/duanyuhan/dyh/motion/MotionRe/base_mobileposer/data/raw/DIP_IMU/s_02/01.pkl,s_02,train,reference_smoothed_1s_5,False,trunk,8962,9114,2.533333333333333,4.919269198481108,candidate_not_reviewed,unknown
/home/duanyuhan/dyh/motion/MotionRe/base_mobileposer/data/raw/DIP_IMU/s_02/01.pkl,s_02,train,reference_smoothed_1s_5,False,lower_body,409,529,2.0,4.941220571317545,candidate_not_reviewed,unknown
/home/duanyuhan/dyh/motion/MotionRe/base_mobileposer/data/raw/DIP_IMU/s_02/01.pkl,s_02,train,reference_smoothed_1s_5,False,lower_body,593,1149,9.266666666666667,4.983773879575653,candidate_not_reviewed,unknown
/home/duanyuhan/dyh/motion/MotionRe/base_mobileposer/data/raw/DIP_IMU/s_02/01.pkl,s_02,train,reference_smoothed_1s_5,False,lower_body,1266,2363,18.283333333333335,4.946742895801907,candidate_not_reviewed,unknown
/home/duanyuhan/dyh/motion/MotionRe/base_mobileposer/data/raw/DIP_IMU/s_02/01.pkl,s_02,train,reference_smoothed_1s_5,False,lower_body,2377,2642,4.416666666666667,4.8331191870572905,candidate_not_reviewed,unknown
/home/duanyuhan/dyh/motion/MotionRe/base_mobileposer/data/raw/DIP_IMU/s_02/01.pkl,s_02,train,reference_smoothed_1s_5,False,lower_body,2643,4491,30.8,4.715416962124922,candidate_not_reviewed,unknown
/home/duanyuhan/dyh/motion/MotionRe/base_mobileposer/data/raw/DIP_IMU/s_02/01.pkl,s_02,train,reference_smoothed_1s_5,False,lower_body,4729,4856,2.1166666666666667,4.982966054419158,candidate_not_reviewed,unknown
/home/duanyuhan/dyh/motion/MotionRe/base_mobileposer/data/raw/DIP_IMU/s_02/01.pkl,s_02,train,reference_smoothed_1s_5,False,lower_body,5949,6216,4.45,4.903132829265785,candidate_not_reviewed,unknown
/home/duanyuhan/dyh/motion/MotionRe/base_mobileposer/data/raw/DIP_IMU/s_02/01.pkl,s_02,train,reference_smoothed_1s_5,False,lower_body,6217,6647,7.166666666666667,4.604716542444257,candidate_not_reviewed,unknown
/home/duanyuhan/dyh/motion/MotionRe/base_mobileposer/data/raw/DIP_IMU/s_02/01.pkl,s_02,train,reference_smoothed_1s_5,False,lower_body,6648,8462,30.233333333333334,3.950016130652009,candidate_not_reviewed,unknown
/home/duanyuhan/dyh/motion/MotionRe/base_mobileposer/data/raw/DIP_IMU/s_02/01.pkl,s_02,train,reference_smoothed_1s_5,False,lower_body,8532,8863,5.516666666666667,4.565820036404891,candidate_not_reviewed,unknown
/home/duanyuhan/dyh/motion/MotionRe/base_mobileposer/data/raw/DIP_IMU/s_02/01.pkl,s_02,train,reference_smoothed_1s_5,False,lower_body,8961,9114,2.55,4.933130662601283,candidate_not_reviewed,unknown
/home/duanyuhan/dyh/motion/MotionRe/base_mobileposer/data/raw/DIP_IMU/s_02/02.pkl,s_02,train,raw_15,False,trunk,6333,6477,2.4,12.377237230618638,candidate_not_reviewed,unknown
/home/duanyuhan/dyh/motion/MotionRe/base_mobileposer/data/raw/DIP_IMU/s_02/02.pkl,s_02,train,raw_15,False,lower_body,4,125,2.0166666666666666,14.93445042085501,candidate_not_reviewed,unknown
/home/duanyuhan/dyh/motion/MotionRe/base_mobileposer/data/raw/DIP_IMU/s_02/02.pkl,s_02,train,raw_15,False,lower_body,6329,6477,2.466666666666667,14.312251872109414,candidate_not_reviewed,unknown
/home/duanyuhan/dyh/motion/MotionRe/base_mobileposer/data/raw/DIP_IMU/s_02/02.pkl,s_02,train,reference_smoothed_1s_5,False,trunk,1,156,2.5833333333333335,4.954336400711338,candidate_not_reviewed,unknown
/home/duanyuhan/dyh/motion/MotionRe/base_mobileposer/data/raw/DIP_IMU/s_02/02.pkl,s_02,train,reference_smoothed_1s_5,False,trunk,6304,6477,2.8833333333333333,4.673771290384722,candidate_not_reviewed,unknown
/home/duanyuhan/dyh/motion/MotionRe/base_mobileposer/data/raw/DIP_IMU/s_02/02.pkl,s_02,train,reference_smoothed_1s_5,False,lower_body,6302,6477,2.9166666666666665,4.463879316691416,candidate_not_reviewed,unknown
/home/duanyuhan/dyh/motion/MotionRe/base_mobileposer/data/raw/DIP_IMU/s_02/04.pkl,s_02,train,raw_10,False,trunk,288,417,2.15,9.877417986851446,candidate_not_reviewed,unknown
/home/duanyuhan/dyh/motion/MotionRe/base_mobileposer/data/raw/DIP_IMU/s_02/04.pkl,s_02,train,raw_10,False,lower_body,23,155,2.2,9.68264907090164,candidate_not_reviewed,unknown
/home/duanyuhan/dyh/motion/MotionRe/base_mobileposer/data/raw/DIP_IMU/s_02/04.pkl,s_02,train,raw_10,False,lower_body,156,435,4.65,9.083522048945381,candidate_not_reviewed,unknown
/home/duanyuhan/dyh/motion/MotionRe/base_mobileposer/data/raw/DIP_IMU/s_02/04.pkl,s_02,train,raw_15,False,trunk,37,418,6.35,13.44746540653811,candidate_not_reviewed,unknown
/home/duanyuhan/dyh/motion/MotionRe/base_mobileposer/data/raw/DIP_IMU/s_02/04.pkl,s_02,train,raw_15,False,lower_body,20,440,7.0,14.710739886520575,candidate_not_reviewed,unknown
/home/duanyuhan/dyh/motion/MotionRe/base_mobileposer/data/raw/DIP_IMU/s_02/04.pkl,s_02,train,reference_smoothed_1s_5,False,trunk,55,425,6.166666666666667,4.96979971397279,candidate_not_reviewed,unknown
/home/duanyuhan/dyh/motion/MotionRe/base_mobileposer/data/raw/DIP_IMU/s_02/04.pkl,s_02,train,reference_smoothed_1s_5,False,lower_body,41,418,6.283333333333333,4.721080601187673,candidate_not_reviewed,unknown
/home/duanyuhan/dyh/motion/MotionRe/base_mobileposer/data/raw/DIP_IMU/s_02/05.pkl,s_02,train,raw_5,False,trunk,1560,2129,9.483333333333333,4.926157380689836,candidate_not_reviewed,unknown
/home/duanyuhan/dyh/motion/MotionRe/base_mobileposer/data/raw/DIP_IMU/s_02/05.pkl,s_02,train,raw_5,False,trunk,2485,2708,3.716666666666667,4.828550276804158,candidate_not_reviewed,unknown
/home/duanyuhan/dyh/motion/MotionRe/base_mobileposer/data/raw/DIP_IMU/s_02/05.pkl,s_02,train,raw_5,False,lower_body,1466,1619,2.55,4.739844857600299,candidate_not_reviewed,unknown
/home/duanyuhan/dyh/motion/MotionRe/base_mobileposer/data/raw/DIP_IMU/s_02/05.pkl,s_02,train,raw_5,False,lower_body,1620,2162,9.033333333333333,4.036212116622157,candidate_not_reviewed,unknown
/home/duanyuhan/dyh/motion/MotionRe/base_mobileposer/data/raw/DIP_IMU/s_02/05.pkl,s_02,train,raw_5,False,lower_body,2429,2704,4.583333333333333,4.9823917234191955,candidate_not_reviewed,unknown
/home/duanyuhan/dyh/motion/MotionRe/base_mobileposer/data/raw/DIP_IMU/s_02/05.pkl,s_02,train,raw_5,False,lower_body,3166,3301,2.25,4.778506512946199,candidate_not_reviewed,unknown
/home/duanyuhan/dyh/motion/MotionRe/base_mobileposer/data/raw/DIP_IMU/s_02/05.pkl,s_02,train,raw_5,False,lower_body,4999,5125,2.1,4.902878837118389,candidate_not_reviewed,unknown
/home/duanyuhan/dyh/motion/MotionRe/base_mobileposer/data/raw/DIP_IMU/s_02/05.pkl,s_02,train,raw_5,False,lower_body,5634,5828,3.2333333333333334,3.7536206683886615,candidate_not_reviewed,unknown
/home/duanyuhan/dyh/motion/MotionRe/base_mobileposer/data/raw/DIP_IMU/s_02/05.pkl,s_02,train,raw_10,False,trunk,1385,1540,2.5833333333333335,9.403898300211276,candidate_not_reviewed,unknown
/home/duanyuhan/dyh/motion/MotionRe/base_mobileposer/data/raw/DIP_IMU/s_02/05.pkl,s_02,train,raw_10,False,trunk,1541,2163,10.366666666666667,9.901497680241265,candidate_not_reviewed,unknown
/home/duanyuhan/dyh/motion/MotionRe/base_mobileposer/data/raw/DIP_IMU/s_02/05.pkl,s_02,train,raw_10,False,trunk,2414,2709,4.916666666666667,9.072892853770961,candidate_not_reviewed,unknown
/home/duanyuhan/dyh/motion/MotionRe/base_mobileposer/data/raw/DIP_IMU/s_02/05.pkl,s_02,train,raw_10,False,trunk,2884,3304,7.0,9.558398313350427,candidate_not_reviewed,unknown
/home/duanyuhan/dyh/motion/MotionRe/base_mobileposer/data/raw/DIP_IMU/s_02/05.pkl,s_02,train,raw_10,False,trunk,4944,5143,3.316666666666667,9.762238890841168,candidate_not_reviewed,unknown
/home/duanyuhan/dyh/motion/MotionRe/base_mobileposer/data/raw/DIP_IMU/s_02/05.pkl,s_02,train,raw_10,False,trunk,5593,5828,3.9166666666666665,9.923798219748573,candidate_not_reviewed,unknown
/home/duanyuhan/dyh/motion/MotionRe/base_mobileposer/data/raw/DIP_IMU/s_02/05.pkl,s_02,train,raw_10,False,lower_body,13,135,2.033333333333333,9.72785858017574,candidate_not_reviewed,unknown
/home/duanyuhan/dyh/motion/MotionRe/base_mobileposer/data/raw/DIP_IMU/s_02/05.pkl,s_02,train,raw_10,False,lower_body,1027,1173,2.433333333333333,9.652469979185662,candidate_not_reviewed,unknown
/home/duanyuhan/dyh/motion/MotionRe/base_mobileposer/data/raw/DIP_IMU/s_02/05.pkl,s_02,train,raw_10,False,lower_body,1367,2162,13.25,8.491783483132634,candidate_not_reviewed,unknown
/home/duanyuhan/dyh/motion/MotionRe/base_mobileposer/data/raw/DIP_IMU/s_02/05.pkl,s_02,train,raw_10,False,lower_body,2400,2706,5.1,9.067312368361849,candidate_not_reviewed,unknown
/home/duanyuhan/dyh/motion/MotionRe/base_mobileposer/data/raw/DIP_IMU/s_02/05.pkl,s_02,train,raw_10,False,lower_body,2882,3306,7.066666666666666,9.991947153453431,candidate_not_reviewed,unknown
/home/duanyuhan/dyh/motion/MotionRe/base_mobileposer/data/raw/DIP_IMU/s_02/05.pkl,s_02,train,raw_10,False,lower_body,3559,3823,4.4,8.956032743726654,candidate_not_reviewed,unknown
/home/duanyuhan/dyh/motion/MotionRe/base_mobileposer/data/raw/DIP_IMU/s_02/05.pkl,s_02,train,raw_10,False,lower_body,3836,4309,7.883333333333334,9.153694066905901,candidate_not_reviewed,unknown
/home/duanyuhan/dyh/motion/MotionRe/base_mobileposer/data/raw/DIP_IMU/s_02/05.pkl,s_02,train,raw_10,False,lower_body,4657,4897,4.0,9.702745118706078,candidate_not_reviewed,unknown
/home/duanyuhan/dyh/motion/MotionRe/base_mobileposer/data/raw/DIP_IMU/s_02/05.pkl,s_02,train,raw_10,False,lower_body,4916,5174,4.3,9.827664456737992,candidate_not_reviewed,unknown
/home/duanyuhan/dyh/motion/MotionRe/base_mobileposer/data/raw/DIP_IMU/s_02/05.pkl,s_02,train,raw_10,False,lower_body,5593,5828,3.9166666666666665,6.1232732927134474,candidate_not_reviewed,unknown
/home/duanyuhan/dyh/motion/MotionRe/base_mobileposer/data/raw/DIP_IMU/s_02/05.pkl,s_02,train,raw_15,False,trunk,15,142,2.1166666666666667,13.001945647093793,candidate_not_reviewed,unknown
/home/duanyuhan/dyh/motion/MotionRe/base_mobileposer/data/raw/DIP_IMU/s_02/05.pkl,s_02,train,raw_15,False,trunk,1368,2163,13.25,14.198596432956997,candidate_not_reviewed,unknown
/home/duanyuhan/dyh/motion/MotionRe/base_mobileposer/data/raw/DIP_IMU/s_02/05.pkl,s_02,train,raw_15,False,trunk,2413,2709,4.933333333333334,14.776964483195327,candidate_not_reviewed,unknown
/home/duanyuhan/dyh/motion/MotionRe/base_mobileposer/data/raw/DIP_IMU/s_02/05.pkl,s_02,train,raw_15,False,trunk,2872,3305,7.216666666666667,14.539888397772263,candidate_not_reviewed,unknown
/home/duanyuhan/dyh/motion/MotionRe/base_mobileposer/data/raw/DIP_IMU/s_02/05.pkl,s_02,train,raw_15,False,trunk,3573,3733,2.6666666666666665,14.296725554224794,candidate_not_reviewed,unknown
/home/duanyuhan/dyh/motion/MotionRe/base_mobileposer/data/raw/DIP_IMU/s_02/05.pkl,s_02,train,raw_15,False,trunk,3848,4235,6.45,14.242471083737232,candidate_not_reviewed,unknown
/home/duanyuhan/dyh/motion/MotionRe/base_mobileposer/data/raw/DIP_IMU/s_02/05.pkl,s_02,train,raw_15,False,trunk,4768,4895,2.1166666666666667,11.684640793756229,candidate_not_reviewed,unknown
/home/duanyuhan/dyh/motion/MotionRe/base_mobileposer/data/raw/DIP_IMU/s_02/05.pkl,s_02,train,raw_15,False,trunk,4918,5177,4.316666666666666,14.301892296842993,candidate_not_reviewed,unknown
/home/duanyuhan/dyh/motion/MotionRe/base_mobileposer/data/raw/DIP_IMU/s_02/05.pkl,s_02,train,raw_15,False,trunk,5593,5828,3.9166666666666665,9.923798219748573,candidate_not_reviewed,unknown
/home/duanyuhan/dyh/motion/MotionRe/base_mobileposer/data/raw/DIP_IMU/s_02/05.pkl,s_02,train,raw_15,False,lower_body,12,137,2.0833333333333335,13.103552567718895,candidate_not_reviewed,unknown
/home/duanyuhan/dyh/motion/MotionRe/base_mobileposer/data/raw/DIP_IMU/s_02/05.pkl,s_02,train,raw_15,False,lower_body,774,904,2.1666666666666665,14.963268936243068,candidate_not_reviewed,unknown
/home/duanyuhan/dyh/motion/MotionRe/base_mobileposer/data/raw/DIP_IMU/s_02/05.pkl,s_02,train,raw_15,False,lower_body,1017,1271,4.233333333333333,14.607938847841915,candidate_not_reviewed,unknown
/home/duanyuhan/dyh/motion/MotionRe/base_mobileposer/data/raw/DIP_IMU/s_02/05.pkl,s_02,train,raw_15,False,lower_body,1355,2210,14.25,14.611571141537306,candidate_not_reviewed,unknown
/home/duanyuhan/dyh/motion/MotionRe/base_mobileposer/data/raw/DIP_IMU/s_02/05.pkl,s_02,train,raw_15,False,lower_body,2392,2707,5.25,13.907476917023613,candidate_not_reviewed,unknown
/home/duanyuhan/dyh/motion/MotionRe/base_mobileposer/data/raw/DIP_IMU/s_02/05.pkl,s_02,train,raw_15,False,lower_body,2867,3309,7.366666666666666,13.568973951985047,candidate_not_reviewed,unknown
/home/duanyuhan/dyh/motion/MotionRe/base_mobileposer/data/raw/DIP_IMU/s_02/05.pkl,s_02,train,raw_15,False,lower_body,3534,3825,4.85,14.329318739111473,candidate_not_reviewed,unknown
/home/duanyuhan/dyh/motion/MotionRe/base_mobileposer/data/raw/DIP_IMU/s_02/05.pkl,s_02,train,raw_15,False,lower_body,3832,4431,9.983333333333333,14.39708107655747,candidate_not_reviewed,unknown
/home/duanyuhan/dyh/motion/MotionRe/base_mobileposer/data/raw/DIP_IMU/s_02/05.pkl,s_02,train,raw_15,False,lower_body,4581,5176,9.916666666666666,14.924139292915392,candidate_not_reviewed,unknown
/home/duanyuhan/dyh/motion/MotionRe/base_mobileposer/data/raw/DIP_IMU/s_02/05.pkl,s_02,train,raw_15,False,lower_body,5593,5828,3.9166666666666665,6.1232732927134474,candidate_not_reviewed,unknown
/home/duanyuhan/dyh/motion/MotionRe/base_mobileposer/data/raw/DIP_IMU/s_02/05.pkl,s_02,train,reference_smoothed_1s_5,False,trunk,1,276,4.583333333333333,4.615064586594839,candidate_not_reviewed,unknown
/home/duanyuhan/dyh/motion/MotionRe/base_mobileposer/data/raw/DIP_IMU/s_02/05.pkl,s_02,train,reference_smoothed_1s_5,False,trunk,651,890,3.9833333333333334,4.841076390554994,candidate_not_reviewed,unknown
/home/duanyuhan/dyh/motion/MotionRe/base_mobileposer/data/raw/DIP_IMU/s_02/05.pkl,s_02,train,reference_smoothed_1s_5,False,trunk,1025,1150,2.0833333333333335,4.9964232803633495,candidate_not_reviewed,unknown
/home/duanyuhan/dyh/motion/MotionRe/base_mobileposer/data/raw/DIP_IMU/s_02/05.pkl,s_02,train,reference_smoothed_1s_5,False,trunk,1367,2160,13.216666666666667,4.980941032946121,candidate_not_reviewed,unknown
/home/duanyuhan/dyh/motion/MotionRe/base_mobileposer/data/raw/DIP_IMU/s_02/05.pkl,s_02,train,reference_smoothed_1s_5,False,trunk,2418,2699,4.683333333333334,4.993408650215712,candidate_not_reviewed,unknown
/home/duanyuhan/dyh/motion/MotionRe/base_mobileposer/data/raw/DIP_IMU/s_02/05.pkl,s_02,train,reference_smoothed_1s_5,False,trunk,2896,3342,7.433333333333334,4.953152588471469,candidate_not_reviewed,unknown
/home/duanyuhan/dyh/motion/MotionRe/base_mobileposer/data/raw/DIP_IMU/s_02/05.pkl,s_02,train,reference_smoothed_1s_5,False,trunk,3522,3791,4.483333333333333,4.982252167805362,candidate_not_reviewed,unknown
/home/duanyuhan/dyh/motion/MotionRe/base_mobileposer/data/raw/DIP_IMU/s_02/05.pkl,s_02,train,reference_smoothed_1s_5,False,trunk,3875,4308,7.216666666666667,4.956695211734042,candidate_not_reviewed,unknown
/home/duanyuhan/dyh/motion/MotionRe/base_mobileposer/data/raw/DIP_IMU/s_02/05.pkl,s_02,train,reference_smoothed_1s_5,False,trunk,4720,5153,7.216666666666667,4.891968498752723,candidate_not_reviewed,unknown
/home/duanyuhan/dyh/motion/MotionRe/base_mobileposer/data/raw/DIP_IMU/s_02/05.pkl,s_02,train,reference_smoothed_1s_5,False,trunk,5593,5828,3.9166666666666665,0.7142626314798658,candidate_not_reviewed,unknown
/home/duanyuhan/dyh/motion/MotionRe/base_mobileposer/data/raw/DIP_IMU/s_02/05.pkl,s_02,train,reference_smoothed_1s_5,False,lower_body,651,886,3.9166666666666665,4.984150377757966,candidate_not_reviewed,unknown
/home/duanyuhan/dyh/motion/MotionRe/base_mobileposer/data/raw/DIP_IMU/s_02/05.pkl,s_02,train,reference_smoothed_1s_5,False,lower_body,1015,1256,4.016666666666667,4.957053692717201,candidate_not_reviewed,unknown
/home/duanyuhan/dyh/motion/MotionRe/base_mobileposer/data/raw/DIP_IMU/s_02/05.pkl,s_02,train,reference_smoothed_1s_5,False,lower_body,1349,2181,13.866666666666667,4.9511358194915225,candidate_not_reviewed,unknown
/home/duanyuhan/dyh/motion/MotionRe/base_mobileposer/data/raw/DIP_IMU/s_02/05.pkl,s_02,train,reference_smoothed_1s_5,False,lower_body,2403,2702,4.983333333333333,4.893552090439072,candidate_not_reviewed,unknown
/home/duanyuhan/dyh/motion/MotionRe/base_mobileposer/data/raw/DIP_IMU/s_02/05.pkl,s_02,train,reference_smoothed_1s_5,False,lower_body,2889,3289,6.666666666666667,4.988657652372449,candidate_not_reviewed,unknown
/home/duanyuhan/dyh/motion/MotionRe/base_mobileposer/data/raw/DIP_IMU/s_02/05.pkl,s_02,train,reference_smoothed_1s_5,False,lower_body,3538,5152,26.9,4.77578065077254,candidate_not_reviewed,unknown
/home/duanyuhan/dyh/motion/MotionRe/base_mobileposer/data/raw/DIP_IMU/s_02/05.pkl,s_02,train,reference_smoothed_1s_5,False,lower_body,5593,5828,3.9166666666666665,1.1840637633853868,candidate_not_reviewed,unknown
/home/duanyuhan/dyh/motion/MotionRe/base_mobileposer/data/raw/DIP_IMU/s_03/01.pkl,s_03,train,raw_10,False,lower_body,9479,9603,2.066666666666667,9.498894002368978,candidate_not_reviewed,unknown
/home/duanyuhan/dyh/motion/MotionRe/base_mobileposer/data/raw/DIP_IMU/s_03/01.pkl,s_03,train,raw_15,False,lower_body,9479,9603,2.066666666666667,9.498894002368978,candidate_not_reviewed,unknown
/home/duanyuhan/dyh/motion/MotionRe/base_mobileposer/data/raw/DIP_IMU/s_03/01.pkl,s_03,train,reference_smoothed_1s_5,False,trunk,8840,9011,2.85,4.8080256134095904,candidate_not_reviewed,unknown
/home/duanyuhan/dyh/motion/MotionRe/base_mobileposer/data/raw/DIP_IMU/s_03/01.pkl,s_03,train,reference_smoothed_1s_5,False,trunk,9479,9604,2.0833333333333335,4.679571322621926,candidate_not_reviewed,unknown
/home/duanyuhan/dyh/motion/MotionRe/base_mobileposer/data/raw/DIP_IMU/s_03/01.pkl,s_03,train,reference_smoothed_1s_5,False,lower_body,2450,2750,5.0,4.04515089118112,candidate_not_reviewed,unknown
/home/duanyuhan/dyh/motion/MotionRe/base_mobileposer/data/raw/DIP_IMU/s_03/01.pkl,s_03,train,reference_smoothed_1s_5,False,lower_body,8840,9011,2.85,2.782780630101273,candidate_not_reviewed,unknown
/home/duanyuhan/dyh/motion/MotionRe/base_mobileposer/data/raw/DIP_IMU/s_03/05.pkl,s_03,train,raw_10,False,lower_body,5234,5405,2.85,8.305128375928215,candidate_not_reviewed,unknown
/home/duanyuhan/dyh/motion/MotionRe/base_mobileposer/data/raw/DIP_IMU/s_03/05.pkl,s_03,train,raw_10,False,lower_body,5772,5940,2.8,9.351914682544397,candidate_not_reviewed,unknown
/home/duanyuhan/dyh/motion/MotionRe/base_mobileposer/data/raw/DIP_IMU/s_03/05.pkl,s_03,train,raw_15,False,trunk,4642,4766,2.066666666666667,14.936332030526948,candidate_not_reviewed,unknown
/home/duanyuhan/dyh/motion/MotionRe/base_mobileposer/data/raw/DIP_IMU/s_03/05.pkl,s_03,train,raw_15,False,trunk,5234,5405,2.85,11.599945229697948,candidate_not_reviewed,unknown
/home/duanyuhan/dyh/motion/MotionRe/base_mobileposer/data/raw/DIP_IMU/s_03/05.pkl,s_03,train,raw_15,False,lower_body,4645,4766,2.0166666666666666,14.670187360472864,candidate_not_reviewed,unknown
/home/duanyuhan/dyh/motion/MotionRe/base_mobileposer/data/raw/DIP_IMU/s_03/05.pkl,s_03,train,raw_15,False,lower_body,5234,5405,2.85,8.305128375928215,candidate_not_reviewed,unknown
/home/duanyuhan/dyh/motion/MotionRe/base_mobileposer/data/raw/DIP_IMU/s_03/05.pkl,s_03,train,raw_15,False,lower_body,5707,5941,3.9,11.89718068852455,candidate_not_reviewed,unknown
/home/duanyuhan/dyh/motion/MotionRe/base_mobileposer/data/raw/DIP_IMU/s_03/05.pkl,s_03,train,reference_smoothed_1s_5,False,trunk,1228,1362,2.2333333333333334,2.8929016616628487,candidate_not_reviewed,unknown
/home/duanyuhan/dyh/motion/MotionRe/base_mobileposer/data/raw/DIP_IMU/s_03/05.pkl,s_03,train,reference_smoothed_1s_5,False,trunk,4638,4766,2.1333333333333333,3.4489450718588786,candidate_not_reviewed,unknown
/home/duanyuhan/dyh/motion/MotionRe/base_mobileposer/data/raw/DIP_IMU/s_03/05.pkl,s_03,train,reference_smoothed_1s_5,False,trunk,5234,5405,2.85,3.717891884540084,candidate_not_reviewed,unknown
/home/duanyuhan/dyh/motion/MotionRe/base_mobileposer/data/raw/DIP_IMU/s_03/05.pkl,s_03,train,reference_smoothed_1s_5,False,trunk,5787,5942,2.5833333333333335,4.931904016035587,candidate_not_reviewed,unknown
/home/duanyuhan/dyh/motion/MotionRe/base_mobileposer/data/raw/DIP_IMU/s_03/05.pkl,s_03,train,reference_smoothed_1s_5,False,lower_body,5234,5405,2.85,2.779456226898293,candidate_not_reviewed,unknown
/home/duanyuhan/dyh/motion/MotionRe/base_mobileposer/data/raw/DIP_IMU/s_03/05.pkl,s_03,train,reference_smoothed_1s_5,False,lower_body,5770,6017,4.116666666666666,4.998841629020007,candidate_not_reviewed,unknown
/home/duanyuhan/dyh/motion/MotionRe/base_mobileposer/data/raw/DIP_IMU/s_04/05.pkl,s_04,train,raw_5,False,lower_body,778,899,2.0166666666666666,3.6799020631932895,candidate_not_reviewed,unknown
/home/duanyuhan/dyh/motion/MotionRe/base_mobileposer/data/raw/DIP_IMU/s_04/05.pkl,s_04,train,raw_5,False,lower_body,5541,5661,2.0,3.6995252401026737,candidate_not_reviewed,unknown
/home/duanyuhan/dyh/motion/MotionRe/base_mobileposer/data/raw/DIP_IMU/s_04/05.pkl,s_04,train,raw_10,False,trunk,778,906,2.1333333333333333,8.921387153257164,candidate_not_reviewed,unknown
/home/duanyuhan/dyh/motion/MotionRe/base_mobileposer/data/raw/DIP_IMU/s_04/05.pkl,s_04,train,raw_10,False,lower_body,778,906,2.1333333333333333,9.479360674937004,candidate_not_reviewed,unknown
/home/duanyuhan/dyh/motion/MotionRe/base_mobileposer/data/raw/DIP_IMU/s_04/05.pkl,s_04,train,raw_10,False,lower_body,5091,5293,3.3666666666666667,8.251487518779637,candidate_not_reviewed,unknown
/home/duanyuhan/dyh/motion/MotionRe/base_mobileposer/data/raw/DIP_IMU/s_04/05.pkl,s_04,train,raw_10,False,lower_body,5511,5674,2.716666666666667,9.017728455213488,candidate_not_reviewed,unknown
/home/duanyuhan/dyh/motion/MotionRe/base_mobileposer/data/raw/DIP_IMU/s_04/05.pkl,s_04,train,raw_15,False,trunk,778,906,2.1333333333333333,8.921387153257164,candidate_not_reviewed,unknown
/home/duanyuhan/dyh/motion/MotionRe/base_mobileposer/data/raw/DIP_IMU/s_04/05.pkl,s_04,train,raw_15,False,trunk,5510,5672,2.7,14.958388542391205,candidate_not_reviewed,unknown
/home/duanyuhan/dyh/motion/MotionRe/base_mobileposer/data/raw/DIP_IMU/s_04/05.pkl,s_04,train,raw_15,False,lower_body,778,906,2.1333333333333333,9.479360674937004,candidate_not_reviewed,unknown
/home/duanyuhan/dyh/motion/MotionRe/base_mobileposer/data/raw/DIP_IMU/s_04/05.pkl,s_04,train,raw_15,False,lower_body,5091,5293,3.3666666666666667,8.251487518779637,candidate_not_reviewed,unknown
/home/duanyuhan/dyh/motion/MotionRe/base_mobileposer/data/raw/DIP_IMU/s_04/05.pkl,s_04,train,raw_15,False,lower_body,5508,5674,2.7666666666666666,11.1813102781913,candidate_not_reviewed,unknown
/home/duanyuhan/dyh/motion/MotionRe/base_mobileposer/data/raw/DIP_IMU/s_04/05.pkl,s_04,train,reference_smoothed_1s_5,False,trunk,778,904,2.1,4.864626399839648,candidate_not_reviewed,unknown
/home/duanyuhan/dyh/motion/MotionRe/base_mobileposer/data/raw/DIP_IMU/s_04/05.pkl,s_04,train,reference_smoothed_1s_5,False,trunk,1400,1545,2.4166666666666665,4.683414074434344,candidate_not_reviewed,unknown
/home/duanyuhan/dyh/motion/MotionRe/base_mobileposer/data/raw/DIP_IMU/s_04/05.pkl,s_04,train,reference_smoothed_1s_5,False,trunk,3281,3419,2.3,4.877645456301552,candidate_not_reviewed,unknown
/home/duanyuhan/dyh/motion/MotionRe/base_mobileposer/data/raw/DIP_IMU/s_04/05.pkl,s_04,train,reference_smoothed_1s_5,False,trunk,5091,5293,3.3666666666666667,2.3553965450926073,candidate_not_reviewed,unknown
/home/duanyuhan/dyh/motion/MotionRe/base_mobileposer/data/raw/DIP_IMU/s_04/05.pkl,s_04,train,reference_smoothed_1s_5,False,trunk,5525,5652,2.1166666666666667,4.871534499000203,candidate_not_reviewed,unknown
/home/duanyuhan/dyh/motion/MotionRe/base_mobileposer/data/raw/DIP_IMU/s_04/05.pkl,s_04,train,reference_smoothed_1s_5,False,lower_body,778,906,2.1333333333333333,2.3186524020236514,candidate_not_reviewed,unknown
/home/duanyuhan/dyh/motion/MotionRe/base_mobileposer/data/raw/DIP_IMU/s_04/05.pkl,s_04,train,reference_smoothed_1s_5,False,lower_body,5091,5293,3.3666666666666667,1.2487270145836777,candidate_not_reviewed,unknown
/home/duanyuhan/dyh/motion/MotionRe/base_mobileposer/data/raw/DIP_IMU/s_04/05.pkl,s_04,train,reference_smoothed_1s_5,False,lower_body,5430,5674,4.066666666666666,4.56398031771966,candidate_not_reviewed,unknown
/home/duanyuhan/dyh/motion/MotionRe/base_mobileposer/data/raw/DIP_IMU/s_05/05.pkl,s_05,train,raw_10,False,lower_body,1169,1328,2.65,7.8945605479604,candidate_not_reviewed,unknown
/home/duanyuhan/dyh/motion/MotionRe/base_mobileposer/data/raw/DIP_IMU/s_05/05.pkl,s_05,train,raw_10,False,lower_body,4106,4240,2.2333333333333334,8.631094114497342,candidate_not_reviewed,unknown
/home/duanyuhan/dyh/motion/MotionRe/base_mobileposer/data/raw/DIP_IMU/s_05/05.pkl,s_05,train,raw_15,False,lower_body,1169,1328,2.65,7.8945605479604,candidate_not_reviewed,unknown
/home/duanyuhan/dyh/motion/MotionRe/base_mobileposer/data/raw/DIP_IMU/s_05/05.pkl,s_05,train,raw_15,False,lower_body,3006,3128,2.033333333333333,14.134444917642506,candidate_not_reviewed,unknown
/home/duanyuhan/dyh/motion/MotionRe/base_mobileposer/data/raw/DIP_IMU/s_05/05.pkl,s_05,train,raw_15,False,lower_body,4106,4240,2.2333333333333334,8.631094114497342,candidate_not_reviewed,unknown
/home/duanyuhan/dyh/motion/MotionRe/base_mobileposer/data/raw/DIP_IMU/s_05/05.pkl,s_05,train,reference_smoothed_1s_5,False,trunk,1169,1328,2.65,3.529309856750351,candidate_not_reviewed,unknown
/home/duanyuhan/dyh/motion/MotionRe/base_mobileposer/data/raw/DIP_IMU/s_05/05.pkl,s_05,train,reference_smoothed_1s_5,False,trunk,3510,3638,2.1333333333333333,4.549196960529118,candidate_not_reviewed,unknown
/home/duanyuhan/dyh/motion/MotionRe/base_mobileposer/data/raw/DIP_IMU/s_05/05.pkl,s_05,train,reference_smoothed_1s_5,False,trunk,4106,4240,2.2333333333333334,2.35342513121549,candidate_not_reviewed,unknown
/home/duanyuhan/dyh/motion/MotionRe/base_mobileposer/data/raw/DIP_IMU/s_05/05.pkl,s_05,train,reference_smoothed_1s_5,False,lower_body,1169,1328,2.65,2.2441637975829254,candidate_not_reviewed,unknown
/home/duanyuhan/dyh/motion/MotionRe/base_mobileposer/data/raw/DIP_IMU/s_05/05.pkl,s_05,train,reference_smoothed_1s_5,False,lower_body,3006,3128,2.033333333333333,4.795373111007805,candidate_not_reviewed,unknown
/home/duanyuhan/dyh/motion/MotionRe/base_mobileposer/data/raw/DIP_IMU/s_05/05.pkl,s_05,train,reference_smoothed_1s_5,False,lower_body,4106,4240,2.2333333333333334,1.347971189924161,candidate_not_reviewed,unknown
/home/duanyuhan/dyh/motion/MotionRe/base_mobileposer/data/raw/DIP_IMU/s_06/01_a.pkl,s_06,train,raw_15,False,lower_body,4403,4527,2.066666666666667,14.581898507774927,candidate_not_reviewed,unknown
/home/duanyuhan/dyh/motion/MotionRe/base_mobileposer/data/raw/DIP_IMU/s_06/01_a.pkl,s_06,train,reference_smoothed_1s_5,False,lower_body,1222,1381,2.65,4.261649131820799,candidate_not_reviewed,unknown
/home/duanyuhan/dyh/motion/MotionRe/base_mobileposer/data/raw/DIP_IMU/s_06/01_a.pkl,s_06,train,reference_smoothed_1s_5,False,lower_body,4403,4527,2.066666666666667,3.2227266588183836,candidate_not_reviewed,unknown
/home/duanyuhan/dyh/motion/MotionRe/base_mobileposer/data/raw/DIP_IMU/s_06/05.pkl,s_06,train,raw_5,False,lower_body,2849,2983,2.2333333333333334,4.989494588508765,candidate_not_reviewed,unknown
/home/duanyuhan/dyh/motion/MotionRe/base_mobileposer/data/raw/DIP_IMU/s_06/05.pkl,s_06,train,raw_10,False,trunk,2851,2992,2.35,9.97180882706269,candidate_not_reviewed,unknown
/home/duanyuhan/dyh/motion/MotionRe/base_mobileposer/data/raw/DIP_IMU/s_06/05.pkl,s_06,train,raw_10,False,lower_body,2781,2987,3.433333333333333,9.557200009479212,candidate_not_reviewed,unknown
/home/duanyuhan/dyh/motion/MotionRe/base_mobileposer/data/raw/DIP_IMU/s_06/05.pkl,s_06,train,raw_15,False,trunk,2781,3040,4.316666666666666,11.740832926343218,candidate_not_reviewed,unknown
/home/duanyuhan/dyh/motion/MotionRe/base_mobileposer/data/raw/DIP_IMU/s_06/05.pkl,s_06,train,raw_15,False,lower_body,958,1080,2.033333333333333,14.932237738610317,candidate_not_reviewed,unknown
/home/duanyuhan/dyh/motion/MotionRe/base_mobileposer/data/raw/DIP_IMU/s_06/05.pkl,s_06,train,raw_15,False,lower_body,2781,2989,3.466666666666667,14.598789514518163,candidate_not_reviewed,unknown
/home/duanyuhan/dyh/motion/MotionRe/base_mobileposer/data/raw/DIP_IMU/s_06/05.pkl,s_06,train,raw_15,False,lower_body,4655,4780,2.0833333333333335,12.787811686587865,candidate_not_reviewed,unknown
/home/duanyuhan/dyh/motion/MotionRe/base_mobileposer/data/raw/DIP_IMU/s_06/05.pkl,s_06,train,reference_smoothed_1s_5,False,trunk,2781,3040,4.316666666666666,4.319694989265053,candidate_not_reviewed,unknown
/home/duanyuhan/dyh/motion/MotionRe/base_mobileposer/data/raw/DIP_IMU/s_06/05.pkl,s_06,train,reference_smoothed_1s_5,False,lower_body,2783,2970,3.1166666666666667,4.946706317583004,candidate_not_reviewed,unknown
/home/duanyuhan/dyh/motion/MotionRe/base_mobileposer/data/raw/DIP_IMU/s_07/01.pkl,s_07,validation,reference_smoothed_1s_5,False,lower_body,3467,3607,2.3333333333333335,4.610745698486621,candidate_not_reviewed,unknown
/home/duanyuhan/dyh/motion/MotionRe/base_mobileposer/data/raw/DIP_IMU/s_07/05.pkl,s_07,validation,raw_5,False,trunk,1232,1383,2.5166666666666666,4.233163672092953,candidate_not_reviewed,unknown
/home/duanyuhan/dyh/motion/MotionRe/base_mobileposer/data/raw/DIP_IMU/s_07/05.pkl,s_07,validation,raw_5,False,trunk,1940,2097,2.6166666666666667,4.764923520086914,candidate_not_reviewed,unknown
/home/duanyuhan/dyh/motion/MotionRe/base_mobileposer/data/raw/DIP_IMU/s_07/05.pkl,s_07,validation,raw_5,False,trunk,3106,3228,2.033333333333333,4.8802020530971255,candidate_not_reviewed,unknown
/home/duanyuhan/dyh/motion/MotionRe/base_mobileposer/data/raw/DIP_IMU/s_07/05.pkl,s_07,validation,raw_5,False,lower_body,1232,1354,2.033333333333333,4.670689279496577,candidate_not_reviewed,unknown
/home/duanyuhan/dyh/motion/MotionRe/base_mobileposer/data/raw/DIP_IMU/s_07/05.pkl,s_07,validation,raw_5,False,lower_body,1956,2097,2.35,4.751855922714479,candidate_not_reviewed,unknown
/home/duanyuhan/dyh/motion/MotionRe/base_mobileposer/data/raw/DIP_IMU/s_07/05.pkl,s_07,validation,raw_5,False,lower_body,2526,2693,2.783333333333333,4.249981163557235,candidate_not_reviewed,unknown
/home/duanyuhan/dyh/motion/MotionRe/base_mobileposer/data/raw/DIP_IMU/s_07/05.pkl,s_07,validation,raw_5,False,lower_body,2897,3019,2.033333333333333,4.437841946358773,candidate_not_reviewed,unknown
/home/duanyuhan/dyh/motion/MotionRe/base_mobileposer/data/raw/DIP_IMU/s_07/05.pkl,s_07,validation,raw_5,False,lower_body,3106,3253,2.45,4.777097292391889,candidate_not_reviewed,unknown
/home/duanyuhan/dyh/motion/MotionRe/base_mobileposer/data/raw/DIP_IMU/s_07/05.pkl,s_07,validation,raw_5,False,lower_body,3801,3971,2.8333333333333335,4.6860853703791845,candidate_not_reviewed,unknown
/home/duanyuhan/dyh/motion/MotionRe/base_mobileposer/data/raw/DIP_IMU/s_07/05.pkl,s_07,validation,raw_5,False,lower_body,5658,5845,3.1166666666666667,4.374618487848603,candidate_not_reviewed,unknown
/home/duanyuhan/dyh/motion/MotionRe/base_mobileposer/data/raw/DIP_IMU/s_07/05.pkl,s_07,validation,raw_10,False,trunk,1232,1402,2.8333333333333335,7.640695631590768,candidate_not_reviewed,unknown
/home/duanyuhan/dyh/motion/MotionRe/base_mobileposer/data/raw/DIP_IMU/s_07/05.pkl,s_07,validation,raw_10,False,trunk,1831,2097,4.433333333333334,9.891066203714432,candidate_not_reviewed,unknown
/home/duanyuhan/dyh/motion/MotionRe/base_mobileposer/data/raw/DIP_IMU/s_07/05.pkl,s_07,validation,raw_10,False,trunk,2897,3019,2.033333333333333,7.035383875081509,candidate_not_reviewed,unknown
/home/duanyuhan/dyh/motion/MotionRe/base_mobileposer/data/raw/DIP_IMU/s_07/05.pkl,s_07,validation,raw_10,False,trunk,3106,3330,3.7333333333333334,8.655519229573212,candidate_not_reviewed,unknown
/home/duanyuhan/dyh/motion/MotionRe/base_mobileposer/data/raw/DIP_IMU/s_07/05.pkl,s_07,validation,raw_10,False,lower_body,1232,1458,3.7666666666666666,8.098360283595047,candidate_not_reviewed,unknown
/home/duanyuhan/dyh/motion/MotionRe/base_mobileposer/data/raw/DIP_IMU/s_07/05.pkl,s_07,validation,raw_10,False,lower_body,1803,2097,4.9,9.065061616078069,candidate_not_reviewed,unknown
/home/duanyuhan/dyh/motion/MotionRe/base_mobileposer/data/raw/DIP_IMU/s_07/05.pkl,s_07,validation,raw_10,False,lower_body,2467,2693,3.7666666666666666,7.448651201365014,candidate_not_reviewed,unknown
/home/duanyuhan/dyh/motion/MotionRe/base_mobileposer/data/raw/DIP_IMU/s_07/05.pkl,s_07,validation,raw_10,False,lower_body,2897,3019,2.033333333333333,4.437841946358773,candidate_not_reviewed,unknown
/home/duanyuhan/dyh/motion/MotionRe/base_mobileposer/data/raw/DIP_IMU/s_07/05.pkl,s_07,validation,raw_10,False,lower_body,3106,3332,3.7666666666666666,8.593142265829206,candidate_not_reviewed,unknown
/home/duanyuhan/dyh/motion/MotionRe/base_mobileposer/data/raw/DIP_IMU/s_07/05.pkl,s_07,validation,raw_10,False,lower_body,3750,3971,3.683333333333333,9.452904436230138,candidate_not_reviewed,unknown
/home/duanyuhan/dyh/motion/MotionRe/base_mobileposer/data/raw/DIP_IMU/s_07/05.pkl,s_07,validation,raw_10,False,lower_body,5002,5237,3.9166666666666665,9.699612911901891,candidate_not_reviewed,unknown
/home/duanyuhan/dyh/motion/MotionRe/base_mobileposer/data/raw/DIP_IMU/s_07/05.pkl,s_07,validation,raw_10,False,lower_body,5619,5845,3.7666666666666666,7.121092844388348,candidate_not_reviewed,unknown
/home/duanyuhan/dyh/motion/MotionRe/base_mobileposer/data/raw/DIP_IMU/s_07/05.pkl,s_07,validation,raw_15,False,trunk,1232,1458,3.7666666666666666,10.950583636742714,candidate_not_reviewed,unknown
/home/duanyuhan/dyh/motion/MotionRe/base_mobileposer/data/raw/DIP_IMU/s_07/05.pkl,s_07,validation,raw_15,False,trunk,1825,2097,4.533333333333333,11.281538960722393,candidate_not_reviewed,unknown
/home/duanyuhan/dyh/motion/MotionRe/base_mobileposer/data/raw/DIP_IMU/s_07/05.pkl,s_07,validation,raw_15,False,trunk,2526,2693,2.783333333333333,12.307615155338874,candidate_not_reviewed,unknown
/home/duanyuhan/dyh/motion/MotionRe/base_mobileposer/data/raw/DIP_IMU/s_07/05.pkl,s_07,validation,raw_15,False,trunk,2897,3019,2.033333333333333,7.035383875081509,candidate_not_reviewed,unknown
/home/duanyuhan/dyh/motion/MotionRe/base_mobileposer/data/raw/DIP_IMU/s_07/05.pkl,s_07,validation,raw_15,False,trunk,3106,3332,3.7666666666666666,10.2504982684264,candidate_not_reviewed,unknown
/home/duanyuhan/dyh/motion/MotionRe/base_mobileposer/data/raw/DIP_IMU/s_07/05.pkl,s_07,validation,raw_15,False,trunk,3750,3971,3.683333333333333,12.970955026551072,candidate_not_reviewed,unknown
/home/duanyuhan/dyh/motion/MotionRe/base_mobileposer/data/raw/DIP_IMU/s_07/05.pkl,s_07,validation,raw_15,False,trunk,5097,5237,2.3333333333333335,14.788153996800842,candidate_not_reviewed,unknown
/home/duanyuhan/dyh/motion/MotionRe/base_mobileposer/data/raw/DIP_IMU/s_07/05.pkl,s_07,validation,raw_15,False,trunk,5619,5845,3.7666666666666666,10.97149516111527,candidate_not_reviewed,unknown
/home/duanyuhan/dyh/motion/MotionRe/base_mobileposer/data/raw/DIP_IMU/s_07/05.pkl,s_07,validation,raw_15,False,lower_body,1232,1458,3.7666666666666666,8.098360283595047,candidate_not_reviewed,unknown
/home/duanyuhan/dyh/motion/MotionRe/base_mobileposer/data/raw/DIP_IMU/s_07/05.pkl,s_07,validation,raw_15,False,lower_body,1803,2097,4.9,9.065061616078069,candidate_not_reviewed,unknown
/home/duanyuhan/dyh/motion/MotionRe/base_mobileposer/data/raw/DIP_IMU/s_07/05.pkl,s_07,validation,raw_15,False,lower_body,2467,2693,3.7666666666666666,7.448651201365014,candidate_not_reviewed,unknown
/home/duanyuhan/dyh/motion/MotionRe/base_mobileposer/data/raw/DIP_IMU/s_07/05.pkl,s_07,validation,raw_15,False,lower_body,2897,3019,2.033333333333333,4.437841946358773,candidate_not_reviewed,unknown
/home/duanyuhan/dyh/motion/MotionRe/base_mobileposer/data/raw/DIP_IMU/s_07/05.pkl,s_07,validation,raw_15,False,lower_body,3106,3332,3.7666666666666666,8.593142265829206,candidate_not_reviewed,unknown
/home/duanyuhan/dyh/motion/MotionRe/base_mobileposer/data/raw/DIP_IMU/s_07/05.pkl,s_07,validation,raw_15,False,lower_body,3750,3971,3.683333333333333,9.452904436230138,candidate_not_reviewed,unknown
/home/duanyuhan/dyh/motion/MotionRe/base_mobileposer/data/raw/DIP_IMU/s_07/05.pkl,s_07,validation,raw_15,False,lower_body,4996,5237,4.016666666666667,12.433119858964503,candidate_not_reviewed,unknown
/home/duanyuhan/dyh/motion/MotionRe/base_mobileposer/data/raw/DIP_IMU/s_07/05.pkl,s_07,validation,raw_15,False,lower_body,5619,5845,3.7666666666666666,7.121092844388348,candidate_not_reviewed,unknown
/home/duanyuhan/dyh/motion/MotionRe/base_mobileposer/data/raw/DIP_IMU/s_07/05.pkl,s_07,validation,reference_smoothed_1s_5,False,trunk,1232,1458,3.7666666666666666,3.811968341938845,candidate_not_reviewed,unknown
/home/duanyuhan/dyh/motion/MotionRe/base_mobileposer/data/raw/DIP_IMU/s_07/05.pkl,s_07,validation,reference_smoothed_1s_5,False,trunk,1803,2097,4.9,4.440524224092477,candidate_not_reviewed,unknown
/home/duanyuhan/dyh/motion/MotionRe/base_mobileposer/data/raw/DIP_IMU/s_07/05.pkl,s_07,validation,reference_smoothed_1s_5,False,trunk,2467,2693,3.7666666666666666,4.726418144950552,candidate_not_reviewed,unknown
/home/duanyuhan/dyh/motion/MotionRe/base_mobileposer/data/raw/DIP_IMU/s_07/05.pkl,s_07,validation,reference_smoothed_1s_5,False,trunk,2897,3019,2.033333333333333,2.4119485638621385,candidate_not_reviewed,unknown
/home/duanyuhan/dyh/motion/MotionRe/base_mobileposer/data/raw/DIP_IMU/s_07/05.pkl,s_07,validation,reference_smoothed_1s_5,False,trunk,3106,3332,3.7666666666666666,4.623255120586748,candidate_not_reviewed,unknown
/home/duanyuhan/dyh/motion/MotionRe/base_mobileposer/data/raw/DIP_IMU/s_07/05.pkl,s_07,validation,reference_smoothed_1s_5,False,trunk,3799,3971,2.8666666666666667,4.9252067062954055,candidate_not_reviewed,unknown
/home/duanyuhan/dyh/motion/MotionRe/base_mobileposer/data/raw/DIP_IMU/s_07/05.pkl,s_07,validation,reference_smoothed_1s_5,False,trunk,5110,5237,2.1166666666666667,4.8903493750377525,candidate_not_reviewed,unknown
/home/duanyuhan/dyh/motion/MotionRe/base_mobileposer/data/raw/DIP_IMU/s_07/05.pkl,s_07,validation,reference_smoothed_1s_5,False,trunk,5619,5845,3.7666666666666666,3.025237591429552,candidate_not_reviewed,unknown
/home/duanyuhan/dyh/motion/MotionRe/base_mobileposer/data/raw/DIP_IMU/s_07/05.pkl,s_07,validation,reference_smoothed_1s_5,False,lower_body,1232,1458,3.7666666666666666,4.492832112381818,candidate_not_reviewed,unknown
/home/duanyuhan/dyh/motion/MotionRe/base_mobileposer/data/raw/DIP_IMU/s_07/05.pkl,s_07,validation,reference_smoothed_1s_5,False,lower_body,1803,2097,4.9,3.7976711779719072,candidate_not_reviewed,unknown
/home/duanyuhan/dyh/motion/MotionRe/base_mobileposer/data/raw/DIP_IMU/s_07/05.pkl,s_07,validation,reference_smoothed_1s_5,False,lower_body,2467,2693,3.7666666666666666,2.080027134070508,candidate_not_reviewed,unknown
/home/duanyuhan/dyh/motion/MotionRe/base_mobileposer/data/raw/DIP_IMU/s_07/05.pkl,s_07,validation,reference_smoothed_1s_5,False,lower_body,2897,3019,2.033333333333333,2.0639310690779635,candidate_not_reviewed,unknown
/home/duanyuhan/dyh/motion/MotionRe/base_mobileposer/data/raw/DIP_IMU/s_07/05.pkl,s_07,validation,reference_smoothed_1s_5,False,lower_body,3106,3318,3.533333333333333,4.932786106298733,candidate_not_reviewed,unknown
/home/duanyuhan/dyh/motion/MotionRe/base_mobileposer/data/raw/DIP_IMU/s_07/05.pkl,s_07,validation,reference_smoothed_1s_5,False,lower_body,3789,3971,3.033333333333333,4.978226128133153,candidate_not_reviewed,unknown
/home/duanyuhan/dyh/motion/MotionRe/base_mobileposer/data/raw/DIP_IMU/s_07/05.pkl,s_07,validation,reference_smoothed_1s_5,False,lower_body,5014,5237,3.716666666666667,4.8448144766526084,candidate_not_reviewed,unknown
/home/duanyuhan/dyh/motion/MotionRe/base_mobileposer/data/raw/DIP_IMU/s_07/05.pkl,s_07,validation,reference_smoothed_1s_5,False,lower_body,5619,5845,3.7666666666666666,2.7988264284927613,candidate_not_reviewed,unknown
/home/duanyuhan/dyh/motion/MotionRe/base_mobileposer/data/raw/DIP_IMU/s_08/01_a.pkl,s_08,validation,raw_10,False,lower_body,4590,4805,3.5833333333333335,7.961324801451673,candidate_not_reviewed,unknown
/home/duanyuhan/dyh/motion/MotionRe/base_mobileposer/data/raw/DIP_IMU/s_08/01_a.pkl,s_08,validation,raw_15,False,lower_body,911,1044,2.216666666666667,13.700056239068013,candidate_not_reviewed,unknown
/home/duanyuhan/dyh/motion/MotionRe/base_mobileposer/data/raw/DIP_IMU/s_08/01_a.pkl,s_08,validation,raw_15,False,lower_body,4025,4180,2.5833333333333335,13.862116253608786,candidate_not_reviewed,unknown
/home/duanyuhan/dyh/motion/MotionRe/base_mobileposer/data/raw/DIP_IMU/s_08/01_a.pkl,s_08,validation,raw_15,False,lower_body,4590,4805,3.5833333333333335,7.961324801451673,candidate_not_reviewed,unknown
/home/duanyuhan/dyh/motion/MotionRe/base_mobileposer/data/raw/DIP_IMU/s_08/01_a.pkl,s_08,validation,reference_smoothed_1s_5,False,lower_body,900,1044,2.4,2.5721305589884866,candidate_not_reviewed,unknown
/home/duanyuhan/dyh/motion/MotionRe/base_mobileposer/data/raw/DIP_IMU/s_08/01_a.pkl,s_08,validation,reference_smoothed_1s_5,False,lower_body,4025,4180,2.5833333333333335,1.708110842262603,candidate_not_reviewed,unknown
/home/duanyuhan/dyh/motion/MotionRe/base_mobileposer/data/raw/DIP_IMU/s_08/01_a.pkl,s_08,validation,reference_smoothed_1s_5,False,lower_body,4590,4805,3.5833333333333335,0.9561869390960581,candidate_not_reviewed,unknown
/home/duanyuhan/dyh/motion/MotionRe/base_mobileposer/data/raw/DIP_IMU/s_08/01_b.pkl,s_08,validation,raw_10,False,lower_body,3604,3725,2.0166666666666666,7.184149198618492,candidate_not_reviewed,unknown
/home/duanyuhan/dyh/motion/MotionRe/base_mobileposer/data/raw/DIP_IMU/s_08/01_b.pkl,s_08,validation,raw_15,False,lower_body,3597,3725,2.1333333333333333,14.241678853025025,candidate_not_reviewed,unknown
/home/duanyuhan/dyh/motion/MotionRe/base_mobileposer/data/raw/DIP_IMU/s_08/01_b.pkl,s_08,validation,reference_smoothed_1s_5,False,lower_body,1471,1593,2.033333333333333,3.470928672707135,candidate_not_reviewed,unknown
/home/duanyuhan/dyh/motion/MotionRe/base_mobileposer/data/raw/DIP_IMU/s_08/01_b.pkl,s_08,validation,reference_smoothed_1s_5,False,lower_body,3597,3725,2.1333333333333333,1.5738812030726286,candidate_not_reviewed,unknown
/home/duanyuhan/dyh/motion/MotionRe/base_mobileposer/data/raw/DIP_IMU/s_08/05.pkl,s_08,validation,raw_5,False,trunk,5184,5324,2.3333333333333335,3.3294773688398283,candidate_not_reviewed,unknown
/home/duanyuhan/dyh/motion/MotionRe/base_mobileposer/data/raw/DIP_IMU/s_08/05.pkl,s_08,validation,raw_5,False,lower_body,5184,5324,2.3333333333333335,3.9787986330008263,candidate_not_reviewed,unknown
/home/duanyuhan/dyh/motion/MotionRe/base_mobileposer/data/raw/DIP_IMU/s_08/05.pkl,s_08,validation,raw_10,False,trunk,4597,4732,2.25,8.21789310537338,candidate_not_reviewed,unknown
/home/duanyuhan/dyh/motion/MotionRe/base_mobileposer/data/raw/DIP_IMU/s_08/05.pkl,s_08,validation,raw_10,False,trunk,5184,5324,2.3333333333333335,3.3294773688398283,candidate_not_reviewed,unknown
/home/duanyuhan/dyh/motion/MotionRe/base_mobileposer/data/raw/DIP_IMU/s_08/05.pkl,s_08,validation,raw_10,False,lower_body,4597,4737,2.3333333333333335,9.937741961542535,candidate_not_reviewed,unknown
/home/duanyuhan/dyh/motion/MotionRe/base_mobileposer/data/raw/DIP_IMU/s_08/05.pkl,s_08,validation,raw_10,False,lower_body,5184,5324,2.3333333333333335,3.9787986330008263,candidate_not_reviewed,unknown
/home/duanyuhan/dyh/motion/MotionRe/base_mobileposer/data/raw/DIP_IMU/s_08/05.pkl,s_08,validation,raw_15,False,trunk,4597,4732,2.25,8.21789310537338,candidate_not_reviewed,unknown
/home/duanyuhan/dyh/motion/MotionRe/base_mobileposer/data/raw/DIP_IMU/s_08/05.pkl,s_08,validation,raw_15,False,trunk,5184,5324,2.3333333333333335,3.3294773688398283,candidate_not_reviewed,unknown
/home/duanyuhan/dyh/motion/MotionRe/base_mobileposer/data/raw/DIP_IMU/s_08/05.pkl,s_08,validation,raw_15,False,lower_body,2769,2892,2.05,10.759574871890775,candidate_not_reviewed,unknown
/home/duanyuhan/dyh/motion/MotionRe/base_mobileposer/data/raw/DIP_IMU/s_08/05.pkl,s_08,validation,raw_15,False,lower_body,4597,4737,2.3333333333333335,9.937741961542535,candidate_not_reviewed,unknown
/home/duanyuhan/dyh/motion/MotionRe/base_mobileposer/data/raw/DIP_IMU/s_08/05.pkl,s_08,validation,raw_15,False,lower_body,5184,5324,2.3333333333333335,3.9787986330008263,candidate_not_reviewed,unknown
/home/duanyuhan/dyh/motion/MotionRe/base_mobileposer/data/raw/DIP_IMU/s_08/05.pkl,s_08,validation,reference_smoothed_1s_5,False,trunk,2769,2892,2.05,1.7145020687261756,candidate_not_reviewed,unknown
/home/duanyuhan/dyh/motion/MotionRe/base_mobileposer/data/raw/DIP_IMU/s_08/05.pkl,s_08,validation,reference_smoothed_1s_5,False,trunk,4597,4725,2.1333333333333333,4.9801029566711295,candidate_not_reviewed,unknown
/home/duanyuhan/dyh/motion/MotionRe/base_mobileposer/data/raw/DIP_IMU/s_08/05.pkl,s_08,validation,reference_smoothed_1s_5,False,trunk,5184,5324,2.3333333333333335,0.6178261568848966,candidate_not_reviewed,unknown
/home/duanyuhan/dyh/motion/MotionRe/base_mobileposer/data/raw/DIP_IMU/s_08/05.pkl,s_08,validation,reference_smoothed_1s_5,False,lower_body,2769,2892,2.05,1.8098097747148565,candidate_not_reviewed,unknown
/home/duanyuhan/dyh/motion/MotionRe/base_mobileposer/data/raw/DIP_IMU/s_08/05.pkl,s_08,validation,reference_smoothed_1s_5,False,lower_body,4597,4723,2.1,4.875018521698541,candidate_not_reviewed,unknown
/home/duanyuhan/dyh/motion/MotionRe/base_mobileposer/data/raw/DIP_IMU/s_08/05.pkl,s_08,validation,reference_smoothed_1s_5,False,lower_body,5184,5324,2.3333333333333335,0.1872255634448969,candidate_not_reviewed,unknown
