source,subject,setting,region,query_frame,neighbor_frame,policy,pool_size,current_max_rotation_deg,current_max_acc_difference_m_s2,reference_pose_gap_deg,large_pose_gap
/home/duanyuhan/dyh/motion/MotionRe/base_mobileposer/data/raw/DIP_IMU/s_07/05.pkl,s_07,sensitivity_looser,hip_knee,1380,3930,current,3,18.293747691613646,1.2712136700998153,0.9845226677918899,False
/home/duanyuhan/dyh/motion/MotionRe/base_mobileposer/data/raw/DIP_IMU/s_07/05.pkl,s_07,sensitivity_looser,spine,1380,3930,current,3,18.293747691613646,1.2712136700998153,1.1332247592446156,False
/home/duanyuhan/dyh/motion/MotionRe/base_mobileposer/data/raw/DIP_IMU/s_07/05.pkl,s_07,sensitivity_looser,hip_knee,1380,3870,past_0_5s,3,19.143231227255253,1.3066127520172184,0.7875891977459084,False
/home/duanyuhan/dyh/motion/MotionRe/base_mobileposer/data/raw/DIP_IMU/s_07/05.pkl,s_07,sensitivity_looser,spine,1380,3870,past_0_5s,3,19.143231227255253,1.3066127520172184,0.8617941504231915,False
/home/duanyuhan/dyh/motion/MotionRe/base_mobileposer/data/raw/DIP_IMU/s_07/05.pkl,s_07,sensitivity_looser,hip_knee,1380,3870,past_2s,3,19.143231227255253,1.3066127520172184,0.7875891977459084,False
/home/duanyuhan/dyh/motion/MotionRe/base_mobileposer/data/raw/DIP_IMU/s_07/05.pkl,s_07,sensitivity_looser,spine,1380,3870,past_2s,3,19.143231227255253,1.3066127520172184,0.8617941504231915,False
/home/duanyuhan/dyh/motion/MotionRe/base_mobileposer/data/raw/DIP_IMU/s_07/05.pkl,s_07,sensitivity_looser,hip_knee,1380,3930,shuffled_past_2s,3,18.293747691613646,1.2712136700998153,0.9845226677918899,False
/home/duanyuhan/dyh/motion/MotionRe/base_mobileposer/data/raw/DIP_IMU/s_07/05.pkl,s_07,sensitivity_looser,spine,1380,3930,shuffled_past_2s,3,18.293747691613646,1.2712136700998153,1.1332247592446156,False
/home/duanyuhan/dyh/motion/MotionRe/base_mobileposer/data/raw/DIP_IMU/s_07/05.pkl,s_07,sensitivity_looser,hip_knee,1410,3900,current,2,18.44755209877198,0.9467017891642009,1.2100892964652825,False
/home/duanyuhan/dyh/motion/MotionRe/base_mobileposer/data/raw/DIP_IMU/s_07/05.pkl,s_07,sensitivity_looser,spine,1410,3900,current,2,18.44755209877198,0.9467017891642009,2.5243132443841083,False
/home/duanyuhan/dyh/motion/MotionRe/base_mobileposer/data/raw/DIP_IMU/s_07/05.pkl,s_07,sensitivity_looser,hip_knee,1410,3900,past_0_5s,2,18.44755209877198,0.9467017891642009,1.2100892964652825,False
/home/duanyuhan/dyh/motion/MotionRe/base_mobileposer/data/raw/DIP_IMU/s_07/05.pkl,s_07,sensitivity_looser,spine,1410,3900,past_0_5s,2,18.44755209877198,0.9467017891642009,2.5243132443841083,False
/home/duanyuhan/dyh/motion/MotionRe/base_mobileposer/data/raw/DIP_IMU/s_07/05.pkl,s_07,sensitivity_looser,hip_knee,1410,3900,past_2s,2,18.44755209877198,0.9467017891642009,1.2100892964652825,False
/home/duanyuhan/dyh/motion/MotionRe/base_mobileposer/data/raw/DIP_IMU/s_07/05.pkl,s_07,sensitivity_looser,spine,1410,3900,past_2s,2,18.44755209877198,0.9467017891642009,2.5243132443841083,False
/home/duanyuhan/dyh/motion/MotionRe/base_mobileposer/data/raw/DIP_IMU/s_07/05.pkl,s_07,sensitivity_looser,hip_knee,1410,3900,shuffled_past_2s,2,18.44755209877198,0.9467017891642009,1.2100892964652825,False
/home/duanyuhan/dyh/motion/MotionRe/base_mobileposer/data/raw/DIP_IMU/s_07/05.pkl,s_07,sensitivity_looser,spine,1410,3900,shuffled_past_2s,2,18.44755209877198,0.9467017891642009,2.5243132443841083,False
/home/duanyuhan/dyh/motion/MotionRe/base_mobileposer/data/raw/DIP_IMU/s_07/05.pkl,s_07,sensitivity_looser,hip_knee,3240,3900,current,1,19.01964005418012,0.7758129611373863,0.6384230803336931,False
/home/duanyuhan/dyh/motion/MotionRe/base_mobileposer/data/raw/DIP_IMU/s_07/05.pkl,s_07,sensitivity_looser,spine,3240,3900,current,1,19.01964005418012,0.7758129611373863,2.6096912964409764,False
/home/duanyuhan/dyh/motion/MotionRe/base_mobileposer/data/raw/DIP_IMU/s_07/05.pkl,s_07,sensitivity_looser,hip_knee,3240,3900,past_0_5s,1,19.01964005418012,0.7758129611373863,0.6384230803336931,False
/home/duanyuhan/dyh/motion/MotionRe/base_mobileposer/data/raw/DIP_IMU/s_07/05.pkl,s_07,sensitivity_looser,spine,3240,3900,past_0_5s,1,19.01964005418012,0.7758129611373863,2.6096912964409764,False
/home/duanyuhan/dyh/motion/MotionRe/base_mobileposer/data/raw/DIP_IMU/s_07/05.pkl,s_07,sensitivity_looser,hip_knee,3240,3900,past_2s,1,19.01964005418012,0.7758129611373863,0.6384230803336931,False
/home/duanyuhan/dyh/motion/MotionRe/base_mobileposer/data/raw/DIP_IMU/s_07/05.pkl,s_07,sensitivity_looser,spine,3240,3900,past_2s,1,19.01964005418012,0.7758129611373863,2.6096912964409764,False
/home/duanyuhan/dyh/motion/MotionRe/base_mobileposer/data/raw/DIP_IMU/s_07/05.pkl,s_07,sensitivity_looser,hip_knee,3240,3900,shuffled_past_2s,1,19.01964005418012,0.7758129611373863,0.6384230803336931,False
/home/duanyuhan/dyh/motion/MotionRe/base_mobileposer/data/raw/DIP_IMU/s_07/05.pkl,s_07,sensitivity_looser,spine,3240,3900,shuffled_past_2s,1,19.01964005418012,0.7758129611373863,2.6096912964409764,False
/home/duanyuhan/dyh/motion/MotionRe/base_mobileposer/data/raw/DIP_IMU/s_07/05.pkl,s_07,sensitivity_looser,hip_knee,3270,3900,current,1,19.956034635385276,0.7116584664082792,1.8908042968500394,False
/home/duanyuhan/dyh/motion/MotionRe/base_mobileposer/data/raw/DIP_IMU/s_07/05.pkl,s_07,sensitivity_looser,spine,3270,3900,current,1,19.956034635385276,0.7116584664082792,3.9004791058659607,False
/home/duanyuhan/dyh/motion/MotionRe/base_mobileposer/data/raw/DIP_IMU/s_07/05.pkl,s_07,sensitivity_looser,hip_knee,3270,3900,past_0_5s,1,19.956034635385276,0.7116584664082792,1.8908042968500394,False
/home/duanyuhan/dyh/motion/MotionRe/base_mobileposer/data/raw/DIP_IMU/s_07/05.pkl,s_07,sensitivity_looser,spine,3270,3900,past_0_5s,1,19.956034635385276,0.7116584664082792,3.9004791058659607,False
/home/duanyuhan/dyh/motion/MotionRe/base_mobileposer/data/raw/DIP_IMU/s_07/05.pkl,s_07,sensitivity_looser,hip_knee,3270,3900,past_2s,1,19.956034635385276,0.7116584664082792,1.8908042968500394,False
/home/duanyuhan/dyh/motion/MotionRe/base_mobileposer/data/raw/DIP_IMU/s_07/05.pkl,s_07,sensitivity_looser,spine,3270,3900,past_2s,1,19.956034635385276,0.7116584664082792,3.9004791058659607,False
/home/duanyuhan/dyh/motion/MotionRe/base_mobileposer/data/raw/DIP_IMU/s_07/05.pkl,s_07,sensitivity_looser,hip_knee,3270,3900,shuffled_past_2s,1,19.956034635385276,0.7116584664082792,1.8908042968500394,False
/home/duanyuhan/dyh/motion/MotionRe/base_mobileposer/data/raw/DIP_IMU/s_07/05.pkl,s_07,sensitivity_looser,spine,3270,3900,shuffled_past_2s,1,19.956034635385276,0.7116584664082792,3.9004791058659607,False
/home/duanyuhan/dyh/motion/MotionRe/base_mobileposer/data/raw/DIP_IMU/s_07/05.pkl,s_07,sensitivity_looser,hip_knee,3300,3870,current,1,18.951299410578727,1.8816180274097556,2.308493249324353,False
/home/duanyuhan/dyh/motion/MotionRe/base_mobileposer/data/raw/DIP_IMU/s_07/05.pkl,s_07,sensitivity_looser,spine,3300,3870,current,1,18.951299410578727,1.8816180274097556,4.020669722537163,False
/home/duanyuhan/dyh/motion/MotionRe/base_mobileposer/data/raw/DIP_IMU/s_07/05.pkl,s_07,sensitivity_looser,hip_knee,3300,3870,past_0_5s,1,18.951299410578727,1.8816180274097556,2.308493249324353,False
/home/duanyuhan/dyh/motion/MotionRe/base_mobileposer/data/raw/DIP_IMU/s_07/05.pkl,s_07,sensitivity_looser,spine,3300,3870,past_0_5s,1,18.951299410578727,1.8816180274097556,4.020669722537163,False
/home/duanyuhan/dyh/motion/MotionRe/base_mobileposer/data/raw/DIP_IMU/s_07/05.pkl,s_07,sensitivity_looser,hip_knee,3300,3870,past_2s,1,18.951299410578727,1.8816180274097556,2.308493249324353,False
/home/duanyuhan/dyh/motion/MotionRe/base_mobileposer/data/raw/DIP_IMU/s_07/05.pkl,s_07,sensitivity_looser,spine,3300,3870,past_2s,1,18.951299410578727,1.8816180274097556,4.020669722537163,False
/home/duanyuhan/dyh/motion/MotionRe/base_mobileposer/data/raw/DIP_IMU/s_07/05.pkl,s_07,sensitivity_looser,hip_knee,3300,3870,shuffled_past_2s,1,18.951299410578727,1.8816180274097556,2.308493249324353,False
/home/duanyuhan/dyh/motion/MotionRe/base_mobileposer/data/raw/DIP_IMU/s_07/05.pkl,s_07,sensitivity_looser,spine,3300,3870,shuffled_past_2s,1,18.951299410578727,1.8816180274097556,4.020669722537163,False
/home/duanyuhan/dyh/motion/MotionRe/base_mobileposer/data/raw/DIP_IMU/s_07/05.pkl,s_07,sensitivity_looser,hip_knee,3330,3900,current,1,18.199951803587567,1.983993118011856,0.8530958454342918,False
/home/duanyuhan/dyh/motion/MotionRe/base_mobileposer/data/raw/DIP_IMU/s_07/05.pkl,s_07,sensitivity_looser,spine,3330,3900,current,1,18.199951803587567,1.983993118011856,2.257906226694544,False
/home/duanyuhan/dyh/motion/MotionRe/base_mobileposer/data/raw/DIP_IMU/s_07/05.pkl,s_07,sensitivity_looser,hip_knee,3330,3900,past_0_5s,1,18.199951803587567,1.983993118011856,0.8530958454342918,False
/home/duanyuhan/dyh/motion/MotionRe/base_mobileposer/data/raw/DIP_IMU/s_07/05.pkl,s_07,sensitivity_looser,spine,3330,3900,past_0_5s,1,18.199951803587567,1.983993118011856,2.257906226694544,False
/home/duanyuhan/dyh/motion/MotionRe/base_mobileposer/data/raw/DIP_IMU/s_07/05.pkl,s_07,sensitivity_looser,hip_knee,3330,3900,past_2s,1,18.199951803587567,1.983993118011856,0.8530958454342918,False
/home/duanyuhan/dyh/motion/MotionRe/base_mobileposer/data/raw/DIP_IMU/s_07/05.pkl,s_07,sensitivity_looser,spine,3330,3900,past_2s,1,18.199951803587567,1.983993118011856,2.257906226694544,False
/home/duanyuhan/dyh/motion/MotionRe/base_mobileposer/data/raw/DIP_IMU/s_07/05.pkl,s_07,sensitivity_looser,hip_knee,3330,3900,shuffled_past_2s,1,18.199951803587567,1.983993118011856,0.8530958454342918,False
/home/duanyuhan/dyh/motion/MotionRe/base_mobileposer/data/raw/DIP_IMU/s_07/05.pkl,s_07,sensitivity_looser,spine,3330,3900,shuffled_past_2s,1,18.199951803587567,1.983993118011856,2.257906226694544,False
/home/duanyuhan/dyh/motion/MotionRe/base_mobileposer/data/raw/DIP_IMU/s_07/05.pkl,s_07,sensitivity_looser,hip_knee,3870,1380,current,3,19.143231227255253,1.3066127520172184,0.7875891977459084,False
/home/duanyuhan/dyh/motion/MotionRe/base_mobileposer/data/raw/DIP_IMU/s_07/05.pkl,s_07,sensitivity_looser,spine,3870,1380,current,3,19.143231227255253,1.3066127520172184,0.8617941504231915,False
/home/duanyuhan/dyh/motion/MotionRe/base_mobileposer/data/raw/DIP_IMU/s_07/05.pkl,s_07,sensitivity_looser,hip_knee,3870,1380,past_0_5s,3,19.143231227255253,1.3066127520172184,0.7875891977459084,False
/home/duanyuhan/dyh/motion/MotionRe/base_mobileposer/data/raw/DIP_IMU/s_07/05.pkl,s_07,sensitivity_looser,spine,3870,1380,past_0_5s,3,19.143231227255253,1.3066127520172184,0.8617941504231915,False
/home/duanyuhan/dyh/motion/MotionRe/base_mobileposer/data/raw/DIP_IMU/s_07/05.pkl,s_07,sensitivity_looser,hip_knee,3870,1380,past_2s,3,19.143231227255253,1.3066127520172184,0.7875891977459084,False
/home/duanyuhan/dyh/motion/MotionRe/base_mobileposer/data/raw/DIP_IMU/s_07/05.pkl,s_07,sensitivity_looser,spine,3870,1380,past_2s,3,19.143231227255253,1.3066127520172184,0.8617941504231915,False
/home/duanyuhan/dyh/motion/MotionRe/base_mobileposer/data/raw/DIP_IMU/s_07/05.pkl,s_07,sensitivity_looser,hip_knee,3870,3300,shuffled_past_2s,3,18.951299410578727,1.8816180274097556,2.308493249324353,False
/home/duanyuhan/dyh/motion/MotionRe/base_mobileposer/data/raw/DIP_IMU/s_07/05.pkl,s_07,sensitivity_looser,spine,3870,3300,shuffled_past_2s,3,18.951299410578727,1.8816180274097556,4.020669722537163,False
/home/duanyuhan/dyh/motion/MotionRe/base_mobileposer/data/raw/DIP_IMU/s_07/05.pkl,s_07,sensitivity_looser,hip_knee,3900,1380,current,5,18.429145780045577,1.141397009553819,1.0076773658910811,False
/home/duanyuhan/dyh/motion/MotionRe/base_mobileposer/data/raw/DIP_IMU/s_07/05.pkl,s_07,sensitivity_looser,spine,3900,1380,current,5,18.429145780045577,1.141397009553819,0.9381320924743418,False
/home/duanyuhan/dyh/motion/MotionRe/base_mobileposer/data/raw/DIP_IMU/s_07/05.pkl,s_07,sensitivity_looser,hip_knee,3900,1410,past_0_5s,5,18.44755209877198,0.9467017891642009,1.2100892964652825,False
/home/duanyuhan/dyh/motion/MotionRe/base_mobileposer/data/raw/DIP_IMU/s_07/05.pkl,s_07,sensitivity_looser,spine,3900,1410,past_0_5s,5,18.44755209877198,0.9467017891642009,2.5243132443841083,False
/home/duanyuhan/dyh/motion/MotionRe/base_mobileposer/data/raw/DIP_IMU/s_07/05.pkl,s_07,sensitivity_looser,hip_knee,3900,1410,past_2s,5,18.44755209877198,0.9467017891642009,1.2100892964652825,False
/home/duanyuhan/dyh/motion/MotionRe/base_mobileposer/data/raw/DIP_IMU/s_07/05.pkl,s_07,sensitivity_looser,spine,3900,1410,past_2s,5,18.44755209877198,0.9467017891642009,2.5243132443841083,False
/home/duanyuhan/dyh/motion/MotionRe/base_mobileposer/data/raw/DIP_IMU/s_07/05.pkl,s_07,sensitivity_looser,hip_knee,3900,1410,shuffled_past_2s,5,18.44755209877198,0.9467017891642009,1.2100892964652825,False
/home/duanyuhan/dyh/motion/MotionRe/base_mobileposer/data/raw/DIP_IMU/s_07/05.pkl,s_07,sensitivity_looser,spine,3900,1410,shuffled_past_2s,5,18.44755209877198,0.9467017891642009,2.5243132443841083,False
/home/duanyuhan/dyh/motion/MotionRe/base_mobileposer/data/raw/DIP_IMU/s_07/05.pkl,s_07,sensitivity_looser,hip_knee,3930,1380,current,1,18.293747691613646,1.2712136700998153,0.9845226677918899,False
/home/duanyuhan/dyh/motion/MotionRe/base_mobileposer/data/raw/DIP_IMU/s_07/05.pkl,s_07,sensitivity_looser,spine,3930,1380,current,1,18.293747691613646,1.2712136700998153,1.1332247592446156,False
/home/duanyuhan/dyh/motion/MotionRe/base_mobileposer/data/raw/DIP_IMU/s_07/05.pkl,s_07,sensitivity_looser,hip_knee,3930,1380,past_0_5s,1,18.293747691613646,1.2712136700998153,0.9845226677918899,False
/home/duanyuhan/dyh/motion/MotionRe/base_mobileposer/data/raw/DIP_IMU/s_07/05.pkl,s_07,sensitivity_looser,spine,3930,1380,past_0_5s,1,18.293747691613646,1.2712136700998153,1.1332247592446156,False
/home/duanyuhan/dyh/motion/MotionRe/base_mobileposer/data/raw/DIP_IMU/s_07/05.pkl,s_07,sensitivity_looser,hip_knee,3930,1380,past_2s,1,18.293747691613646,1.2712136700998153,0.9845226677918899,False
/home/duanyuhan/dyh/motion/MotionRe/base_mobileposer/data/raw/DIP_IMU/s_07/05.pkl,s_07,sensitivity_looser,spine,3930,1380,past_2s,1,18.293747691613646,1.2712136700998153,1.1332247592446156,False
/home/duanyuhan/dyh/motion/MotionRe/base_mobileposer/data/raw/DIP_IMU/s_07/05.pkl,s_07,sensitivity_looser,hip_knee,3930,1380,shuffled_past_2s,1,18.293747691613646,1.2712136700998153,0.9845226677918899,False
/home/duanyuhan/dyh/motion/MotionRe/base_mobileposer/data/raw/DIP_IMU/s_07/05.pkl,s_07,sensitivity_looser,spine,3930,1380,shuffled_past_2s,1,18.293747691613646,1.2712136700998153,1.1332247592446156,False
/home/duanyuhan/dyh/motion/MotionRe/base_mobileposer/data/raw/DIP_IMU/s_08/02.pkl,s_08,sensitivity_looser,hip_knee,2460,4500,current,1,15.65280676278417,1.8503298271500423,12.817320857486258,False
/home/duanyuhan/dyh/motion/MotionRe/base_mobileposer/data/raw/DIP_IMU/s_08/02.pkl,s_08,sensitivity_looser,spine,2460,4500,current,1,15.65280676278417,1.8503298271500423,2.764660880803623,False
/home/duanyuhan/dyh/motion/MotionRe/base_mobileposer/data/raw/DIP_IMU/s_08/02.pkl,s_08,sensitivity_looser,hip_knee,2460,4500,past_0_5s,1,15.65280676278417,1.8503298271500423,12.817320857486258,False
/home/duanyuhan/dyh/motion/MotionRe/base_mobileposer/data/raw/DIP_IMU/s_08/02.pkl,s_08,sensitivity_looser,spine,2460,4500,past_0_5s,1,15.65280676278417,1.8503298271500423,2.764660880803623,False
/home/duanyuhan/dyh/motion/MotionRe/base_mobileposer/data/raw/DIP_IMU/s_08/02.pkl,s_08,sensitivity_looser,hip_knee,2460,4500,past_2s,1,15.65280676278417,1.8503298271500423,12.817320857486258,False
/home/duanyuhan/dyh/motion/MotionRe/base_mobileposer/data/raw/DIP_IMU/s_08/02.pkl,s_08,sensitivity_looser,spine,2460,4500,past_2s,1,15.65280676278417,1.8503298271500423,2.764660880803623,False
/home/duanyuhan/dyh/motion/MotionRe/base_mobileposer/data/raw/DIP_IMU/s_08/02.pkl,s_08,sensitivity_looser,hip_knee,2460,4500,shuffled_past_2s,1,15.65280676278417,1.8503298271500423,12.817320857486258,False
/home/duanyuhan/dyh/motion/MotionRe/base_mobileposer/data/raw/DIP_IMU/s_08/02.pkl,s_08,sensitivity_looser,spine,2460,4500,shuffled_past_2s,1,15.65280676278417,1.8503298271500423,2.764660880803623,False
/home/duanyuhan/dyh/motion/MotionRe/base_mobileposer/data/raw/DIP_IMU/s_08/02.pkl,s_08,sensitivity_looser,hip_knee,4500,2460,current,1,15.65280676278417,1.8503298271500423,12.817320857486258,False
/home/duanyuhan/dyh/motion/MotionRe/base_mobileposer/data/raw/DIP_IMU/s_08/02.pkl,s_08,sensitivity_looser,spine,4500,2460,current,1,15.65280676278417,1.8503298271500423,2.764660880803623,False
/home/duanyuhan/dyh/motion/MotionRe/base_mobileposer/data/raw/DIP_IMU/s_08/02.pkl,s_08,sensitivity_looser,hip_knee,4500,2460,past_0_5s,1,15.65280676278417,1.8503298271500423,12.817320857486258,False
/home/duanyuhan/dyh/motion/MotionRe/base_mobileposer/data/raw/DIP_IMU/s_08/02.pkl,s_08,sensitivity_looser,spine,4500,2460,past_0_5s,1,15.65280676278417,1.8503298271500423,2.764660880803623,False
/home/duanyuhan/dyh/motion/MotionRe/base_mobileposer/data/raw/DIP_IMU/s_08/02.pkl,s_08,sensitivity_looser,hip_knee,4500,2460,past_2s,1,15.65280676278417,1.8503298271500423,12.817320857486258,False
/home/duanyuhan/dyh/motion/MotionRe/base_mobileposer/data/raw/DIP_IMU/s_08/02.pkl,s_08,sensitivity_looser,spine,4500,2460,past_2s,1,15.65280676278417,1.8503298271500423,2.764660880803623,False
/home/duanyuhan/dyh/motion/MotionRe/base_mobileposer/data/raw/DIP_IMU/s_08/02.pkl,s_08,sensitivity_looser,hip_knee,4500,2460,shuffled_past_2s,1,15.65280676278417,1.8503298271500423,12.817320857486258,False
/home/duanyuhan/dyh/motion/MotionRe/base_mobileposer/data/raw/DIP_IMU/s_08/02.pkl,s_08,sensitivity_looser,spine,4500,2460,shuffled_past_2s,1,15.65280676278417,1.8503298271500423,2.764660880803623,False
